seq_id,source,label,length,orig_id
pos_0000,NCBI_doconno,1,708,GFE58177.1
pos_0001,NCBI_doconno,1,707,WP_170241857.1
pos_0002,NCBI_doconno,1,709,WP_004514497.1
pos_0004,NCBI_doconno,1,711,UAC02928.1
pos_0005,NCBI_doconno,1,711,QVW34069.1
pos_0006,NCBI_doconno,1,710,QSV45531.1
pos_0008,NCBI_doconno,1,711,WP_119333020.1
pos_0009,NCBI_doconno,1,715,WP_039742854.1
pos_0010,NCBI_doconno,1,709,WP_039643856.1
pos_0012,NCBI_doconno,1,717,WP_011939962.1
pos_0014,NCBI_doconno,1,718,WP_012647253.1
pos_0015,NCBI_doconno,1,711,RNC70100.1
pos_0018,NCBI_doconno,1,711,AJY68448.1
pos_0023,NCBI_doconno,1,717,WP_088533793.1
pos_0025,NCBI_doconno,1,709,WP_041969688.1
pos_0027,NCBI_doconno,1,540,WP_162148572.1
pos_0028,NCBI_doconno,1,722,RII31791.1
pos_0029,NCBI_doconno,1,421,GFE61625.1
pos_0030,NCBI_doconno,1,340,GFE58706.1
pos_0031,NCBI_doconno,1,329,GFE56365.1
pos_0032,NCBI_doconno,1,335,QOX78419.1
pos_0033,NCBI_doconno,1,330,WP_216511406.1
pos_0034,NCBI_doconno,1,340,WP_216510730.1
pos_0035,NCBI_doconno,1,340,WP_214301624.1
pos_0036,NCBI_doconno,1,340,WP_214176049.1
pos_0037,NCBI_doconno,1,329,WP_214174320.1
pos_0038,NCBI_doconno,1,104,pdb|6VK9|5
pos_0054,NCBI_doconno,1,61,pdb|6VK9|4
pos_0072,NCBI_doconno,1,329,UAC04663.1
pos_0073,NCBI_doconno,1,343,UAC02729.1
pos_0074,NCBI_doconno,1,340,WP_214187739.1
pos_0075,NCBI_doconno,1,329,WP_214186915.1
pos_0078,NCBI_doconno,1,329,QSV46193.1
pos_0079,NCBI_doconno,1,340,QSV45214.1
pos_0080,NCBI_doconno,1,341,BCS53028.1
pos_0081,NCBI_doconno,1,338,WP_145024512.1
pos_0082,NCBI_doconno,1,329,WP_145018683.1
pos_0085,NCBI_doconno,1,343,WP_119332880.1
pos_0086,NCBI_doconno,1,329,WP_119331816.1
pos_0087,NCBI_doconno,1,340,WP_088534369.1
pos_0088,NCBI_doconno,1,341,WP_082003047.1
pos_0089,NCBI_doconno,1,335,WP_078791045.1
pos_0090,NCBI_doconno,1,337,WP_078789798.1
pos_0091,NCBI_doconno,1,328,WP_039744039.1
pos_0092,NCBI_doconno,1,340,WP_012647462.1
pos_0093,NCBI_doconno,1,337,WP_012469759.1
pos_0095,NCBI_doconno,1,340,WP_004514056.1
pos_0096,NCBI_doconno,1,329,WP_004512866.1
pos_0097,NCBI_doconno,1,340,WP_039742475.1
pos_0098,NCBI_doconno,1,335,WP_012469382.1
pos_0099,NCBI_doconno,1,340,WP_011939669.1
pos_0101,NCBI_doconno,1,329,RNC72730.1
pos_0102,NCBI_doconno,1,341,RNC67957.1
pos_0106,NCBI_doconno,1,343,ANA40082.1
pos_0107,NCBI_doconno,1,329,ANA39532.1
pos_0112,NCBI_doconno,1,342,GAM11595.1
pos_0113,NCBI_doconno,1,343,KIE41972.1
pos_0115,NCBI_doconno,1,361,KAF0156339.1
pos_0116,NCBI_doconno,1,139,WP_136875291.1
pos_0117,NCBI_doconno,1,138,WP_136815378.1
pos_0118,NCBI_doconno,1,146,WP_136796992.1
pos_0119,NCBI_doconno,1,102,WP_136523519.1
pos_0120,NCBI_doconno,1,142,KAB2888627.1
pos_0121,NCBI_doconno,1,104,KAB2888532.1
pos_0122,NCBI_doconno,1,109,WP_145024806.1
pos_0125,NCBI_doconno,1,104,TRO79698.1
pos_0126,NCBI_doconno,1,106,TRO78328.1
pos_0127,NCBI_doconno,1,200,WP_136416617.1
pos_0128,NCBI_doconno,1,110,WP_132525703.1
pos_0130,NCBI_doconno,1,126,WP_078788429.1
pos_0131,NCBI_doconno,1,107,WP_076713316.1
pos_0132,NCBI_doconno,1,104,WP_072908390.1
pos_0133,NCBI_doconno,1,138,WP_068670236.1
pos_0134,NCBI_doconno,1,130,WP_068543079.1
pos_0135,NCBI_doconno,1,150,WP_068515091.1
pos_0136,NCBI_doconno,1,98,WP_059435909.1
pos_0137,NCBI_doconno,1,102,WP_026843145.1
pos_0138,NCBI_doconno,1,100,WP_015723987.1
pos_0139,NCBI_doconno,1,104,WP_013450769.1
pos_0140,NCBI_doconno,1,102,WP_012529150.1
pos_0141,NCBI_doconno,1,126,WP_012471378.1
pos_0142,NCBI_doconno,1,100,WP_012469221.1
pos_0143,NCBI_doconno,1,106,WP_011342547.1
pos_0144,NCBI_doconno,1,111,WP_121170907.1
pos_0146,NCBI_doconno,1,108,WP_089322410.1
pos_0147,NCBI_doconno,1,142,WP_073612201.1
pos_0148,NCBI_doconno,1,99,WP_041969784.1
pos_0149,NCBI_doconno,1,129,WP_022854272.1
pos_0150,NCBI_doconno,1,131,WP_013907862.1
pos_0151,NCBI_doconno,1,116,WP_013538078.1
pos_0152,NCBI_doconno,1,102,WP_011937410.1
pos_0153,NCBI_doconno,1,109,RII29243.1
pos_0154,NCBI_doconno,1,609,RCK80761.1
pos_0155,NCBI_doconno,1,121,RCK80750.1
pos_0156,NCBI_doconno,1,252,GBD99613.1
pos_0157,Uniprot_doconno,1,768,sp|Q749L1|CYCC_GEOSL
pos_0158,Uniprot_doconno,1,432,sp|Q74A86|OMCS_GEOSL
pos_0159,Uniprot_doconno,1,346,tr|Q74FY6|Q74FY6_GEOSL
pos_0160,Uniprot_doconno,1,109,tr|A0A0A8WU03|A0A0A8WU03_9DELT
pos_0162,Uniprot_doconno,1,625,tr|A0A0B1TV40|A0A0B1TV40_9DELT
pos_0164,Uniprot_doconno,1,112,tr|A0A0D6QKU1|A0A0D6QKU1_9DELT
pos_0165,Uniprot_doconno,1,40,tr|A0A0F2IVR7|A0A0F2IVR7_9BACT
pos_0166,Uniprot_doconno,1,117,tr|A0A0F3GTG4|A0A0F3GTG4_9BACT
pos_0167,Uniprot_doconno,1,98,tr|A0A0F9FIN7|A0A0F9FIN7_9ZZZZ
pos_0168,Uniprot_doconno,1,88,tr|A0A0F9FWH3|A0A0F9FWH3_9ZZZZ
pos_0169,Uniprot_doconno,1,106,tr|A0A0F9J0F6|A0A0F9J0F6_9ZZZZ
pos_0170,Uniprot_doconno,1,114,tr|A0A0G1KEC0|A0A0G1KEC0_9BACT
pos_0171,Uniprot_doconno,1,216,tr|A0A0G1U5F9|A0A0G1U5F9_9BACT
pos_0172,Uniprot_doconno,1,111,tr|A0A0J6YWB2|A0A0J6YWB2_9BACT
pos_0174,Uniprot_doconno,1,179,tr|A0A0M4CY00|A0A0M4CY00_9DELT
pos_0175,Uniprot_doconno,1,181,tr|A0A0S2TE21|A0A0S2TE21_9GAMM
pos_0176,Uniprot_doconno,1,232,tr|A0A0S2THL3|A0A0S2THL3_9GAMM
pos_0177,Uniprot_doconno,1,199,tr|A0A0S2THP3|A0A0S2THP3_9GAMM
pos_0178,Uniprot_doconno,1,140,tr|A0A0S2THR6|A0A0S2THR6_9GAMM
pos_0179,Uniprot_doconno,1,135,tr|A0A0S7ZX34|A0A0S7ZX34_9GAMM
pos_0180,Uniprot_doconno,1,127,tr|A0A0S7ZYR7|A0A0S7ZYR7_9GAMM
pos_0181,Uniprot_doconno,1,175,tr|A0A0S7ZYX6|A0A0S7ZYX6_9GAMM
pos_0182,Uniprot_doconno,1,158,tr|A0A0S8A6Y5|A0A0S8A6Y5_9GAMM
pos_0183,Uniprot_doconno,1,170,tr|A0A0S8A8V1|A0A0S8A8V1_9GAMM
pos_0184,Uniprot_doconno,1,120,tr|A0A0S8AAC3|A0A0S8AAC3_9GAMM
pos_0185,Uniprot_doconno,1,140,tr|A0A0S8AAR8|A0A0S8AAR8_9GAMM
pos_0186,Uniprot_doconno,1,113,tr|A0A0S8AMT5|A0A0S8AMT5_9DELT
pos_0187,Uniprot_doconno,1,105,tr|A0A0S8BZB3|A0A0S8BZB3_9PROT
pos_0188,Uniprot_doconno,1,260,tr|A0A0S8CNY5|A0A0S8CNY5_9DELT
pos_0189,Uniprot_doconno,1,125,tr|A0A0S8CXP2|A0A0S8CXP2_9DELT
pos_0190,Uniprot_doconno,1,129,tr|A0A0S8DM55|A0A0S8DM55_9BACT
pos_0191,Uniprot_doconno,1,115,tr|A0A0T6A6K5|A0A0T6A6K5_9BACT
pos_0192,Uniprot_doconno,1,105,tr|A0A0T6AJ28|A0A0T6AJ28_9DELT
pos_0193,Uniprot_doconno,1,117,tr|A0A0T6AJ53|A0A0T6AJ53_9BACT
pos_0195,Uniprot_doconno,1,321,tr|A0A0U5AYE0|A0A0U5AYE0_9BACT
pos_0196,Uniprot_doconno,1,180,tr|A0A143BAK5|A0A143BAK5_9DELT
pos_0199,Uniprot_doconno,1,137,tr|A0A1B9F9D7|A0A1B9F9D7_9DELT
pos_0200,Uniprot_doconno,1,230,tr|A0A1E2US63|A0A1E2US63_9GAMM
pos_0201,Uniprot_doconno,1,101,tr|A0A1E7HQ82|A0A1E7HQ82_9DELT
pos_0203,Uniprot_doconno,1,106,tr|A0A1E7IKH5|A0A1E7IKH5_9DELT
pos_0204,Uniprot_doconno,1,241,tr|A0A1F2T8C1|A0A1F2T8C1_9BACT
pos_0205,Uniprot_doconno,1,114,tr|A0A1F2TEU8|A0A1F2TEU8_9BACT
pos_0206,Uniprot_doconno,1,121,tr|A0A1F2TNM5|A0A1F2TNM5_9BACT
pos_0208,Uniprot_doconno,1,129,tr|A0A1F3WZF7|A0A1F3WZF7_9PROT
pos_0209,Uniprot_doconno,1,225,tr|A0A1F3WZN1|A0A1F3WZN1_9PROT
pos_0210,Uniprot_doconno,1,105,tr|A0A1F3YL61|A0A1F3YL61_9PROT
pos_0211,Uniprot_doconno,1,104,tr|A0A1F4AN20|A0A1F4AN20_9PROT
pos_0212,Uniprot_doconno,1,105,tr|A0A1F4C9I9|A0A1F4C9I9_9PROT
pos_0214,Uniprot_doconno,1,109,tr|A0A1F4PY27|A0A1F4PY27_9BACT
pos_0215,Uniprot_doconno,1,124,tr|A0A1F4Q3H6|A0A1F4Q3H6_9BACT
pos_0216,Uniprot_doconno,1,115,tr|A0A1F4Q8G6|A0A1F4Q8G6_9BACT
pos_0219,Uniprot_doconno,1,105,tr|A0A1F5SV71|A0A1F5SV71_9BACT
pos_0220,Uniprot_doconno,1,540,tr|A0A1F6C4M5|A0A1F6C4M5_HANXR
pos_0221,Uniprot_doconno,1,117,tr|A0A1F7LFN5|A0A1F7LFN5_9BACT
pos_0222,Uniprot_doconno,1,123,tr|A0A1F7LH78|A0A1F7LH78_9BACT
pos_0223,Uniprot_doconno,1,115,tr|A0A1F7LLR6|A0A1F7LLR6_9BACT
pos_0224,Uniprot_doconno,1,119,tr|A0A1F7M295|A0A1F7M295_9BACT
pos_0225,Uniprot_doconno,1,123,tr|A0A1F7MUR1|A0A1F7MUR1_9BACT
pos_0227,Uniprot_doconno,1,120,tr|A0A1F7MWK6|A0A1F7MWK6_9BACT
pos_0228,Uniprot_doconno,1,289,tr|A0A1F7N756|A0A1F7N756_9BACT
pos_0229,Uniprot_doconno,1,120,tr|A0A1F7N765|A0A1F7N765_9BACT
pos_0230,Uniprot_doconno,1,117,tr|A0A1F7NK96|A0A1F7NK96_9BACT
pos_0231,Uniprot_doconno,1,112,tr|A0A1F7NRV8|A0A1F7NRV8_9BACT
pos_0232,Uniprot_doconno,1,117,tr|A0A1F7P9K8|A0A1F7P9K8_9BACT
pos_0233,Uniprot_doconno,1,121,tr|A0A1F7PH95|A0A1F7PH95_9BACT
pos_0234,Uniprot_doconno,1,112,tr|A0A1F7PH99|A0A1F7PH99_9BACT
pos_0235,Uniprot_doconno,1,121,tr|A0A1F7PXX9|A0A1F7PXX9_9BACT
pos_0237,Uniprot_doconno,1,106,tr|A0A1F7T838|A0A1F7T838_9BACT
pos_0238,Uniprot_doconno,1,216,tr|A0A1F8WUS6|A0A1F8WUS6_9DELT
pos_0239,Uniprot_doconno,1,111,tr|A0A1F8WUW7|A0A1F8WUW7_9DELT
pos_0240,Uniprot_doconno,1,208,tr|A0A1F8WYA6|A0A1F8WYA6_9DELT
pos_0241,Uniprot_doconno,1,225,tr|A0A1F8X0D6|A0A1F8X0D6_9DELT
pos_0242,Uniprot_doconno,1,113,tr|A0A1F8X0D8|A0A1F8X0D8_9DELT
pos_0243,Uniprot_doconno,1,126,tr|A0A1F8X2G5|A0A1F8X2G5_9DELT
pos_0244,Uniprot_doconno,1,188,tr|A0A1F8X2T2|A0A1F8X2T2_9DELT
pos_0245,Uniprot_doconno,1,190,tr|A0A1F8X3V2|A0A1F8X3V2_9DELT
pos_0246,Uniprot_doconno,1,191,tr|A0A1F8X3X1|A0A1F8X3X1_9DELT
pos_0247,Uniprot_doconno,1,195,tr|A0A1F8X6L2|A0A1F8X6L2_9DELT
pos_0248,Uniprot_doconno,1,111,tr|A0A1F8XAG6|A0A1F8XAG6_9DELT
pos_0249,Uniprot_doconno,1,222,tr|A0A1F8XCF7|A0A1F8XCF7_9DELT
pos_0250,Uniprot_doconno,1,86,tr|A0A1F8XIE3|A0A1F8XIE3_9DELT
pos_0251,Uniprot_doconno,1,133,tr|A0A1F8XPV6|A0A1F8XPV6_9DELT
pos_0252,Uniprot_doconno,1,207,tr|A0A1F8XU22|A0A1F8XU22_9DELT
pos_0253,Uniprot_doconno,1,222,tr|A0A1F8XU68|A0A1F8XU68_9DELT
pos_0254,Uniprot_doconno,1,124,tr|A0A1F8XUA9|A0A1F8XUA9_9DELT
pos_0255,Uniprot_doconno,1,192,tr|A0A1F8XVU9|A0A1F8XVU9_9DELT
pos_0256,Uniprot_doconno,1,112,tr|A0A1F8XW56|A0A1F8XW56_9DELT
pos_0257,Uniprot_doconno,1,107,tr|A0A1F8ZIR6|A0A1F8ZIR6_9DELT
pos_0258,Uniprot_doconno,1,232,tr|A0A1F8ZJE9|A0A1F8ZJE9_9DELT
pos_0259,Uniprot_doconno,1,114,tr|A0A1F8ZL06|A0A1F8ZL06_9DELT
pos_0260,Uniprot_doconno,1,240,tr|A0A1F8ZLG1|A0A1F8ZLG1_9DELT
pos_0261,Uniprot_doconno,1,254,tr|A0A1F9CPH9|A0A1F9CPH9_9DELT
pos_0262,Uniprot_doconno,1,176,tr|A0A1F9DLZ2|A0A1F9DLZ2_9DELT
pos_0263,Uniprot_doconno,1,119,tr|A0A1F9DTF1|A0A1F9DTF1_9DELT
pos_0264,Uniprot_doconno,1,114,tr|A0A1F9DUL5|A0A1F9DUL5_9DELT
pos_0265,Uniprot_doconno,1,110,tr|A0A1F9DXF5|A0A1F9DXF5_9DELT
pos_0266,Uniprot_doconno,1,199,tr|A0A1F9E4C5|A0A1F9E4C5_9DELT
pos_0267,Uniprot_doconno,1,218,tr|A0A1F9E8Q9|A0A1F9E8Q9_9DELT
pos_0268,Uniprot_doconno,1,124,tr|A0A1F9E8R7|A0A1F9E8R7_9DELT
pos_0269,Uniprot_doconno,1,111,tr|A0A1F9EAV0|A0A1F9EAV0_9DELT
pos_0270,Uniprot_doconno,1,113,tr|A0A1F9HTJ8|A0A1F9HTJ8_9DELT
pos_0271,Uniprot_doconno,1,122,tr|A0A1F9HTL3|A0A1F9HTL3_9DELT
pos_0272,Uniprot_doconno,1,233,tr|A0A1F9HUB6|A0A1F9HUB6_9DELT
pos_0273,Uniprot_doconno,1,145,tr|A0A1F9HXX3|A0A1F9HXX3_9DELT
pos_0275,Uniprot_doconno,1,107,tr|A0A1F9I7M3|A0A1F9I7M3_9DELT
pos_0276,Uniprot_doconno,1,109,tr|A0A1F9I9Q4|A0A1F9I9Q4_9DELT
pos_0277,Uniprot_doconno,1,220,tr|A0A1F9IBA5|A0A1F9IBA5_9DELT
pos_0278,Uniprot_doconno,1,126,tr|A0A1F9IBU2|A0A1F9IBU2_9DELT
pos_0282,Uniprot_doconno,1,140,tr|A0A1F9LSM4|A0A1F9LSM4_9DELT
pos_0283,Uniprot_doconno,1,92,tr|A0A1F9M573|A0A1F9M573_9DELT
pos_0284,Uniprot_doconno,1,195,tr|A0A1F9MKQ4|A0A1F9MKQ4_9DELT
pos_0285,Uniprot_doconno,1,139,tr|A0A1F9MMC2|A0A1F9MMC2_9DELT
pos_0286,Uniprot_doconno,1,125,tr|A0A1F9MR87|A0A1F9MR87_9DELT
pos_0287,Uniprot_doconno,1,254,tr|A0A1F9P429|A0A1F9P429_9DELT
pos_0288,Uniprot_doconno,1,111,tr|A0A1F9PDM5|A0A1F9PDM5_9DELT
pos_0289,Uniprot_doconno,1,104,tr|A0A1F9PIP8|A0A1F9PIP8_9DELT
pos_0290,Uniprot_doconno,1,109,tr|A0A1F9PML9|A0A1F9PML9_9DELT
pos_0291,Uniprot_doconno,1,107,tr|A0A1F9PRR0|A0A1F9PRR0_9DELT
pos_0293,Uniprot_doconno,1,161,tr|A0A1F9R2X3|A0A1F9R2X3_9BACT
pos_0294,Uniprot_doconno,1,169,tr|A0A1F9RU02|A0A1F9RU02_9BACT
pos_0295,Uniprot_doconno,1,127,tr|A0A1F9V4K0|A0A1F9V4K0_9BACT
pos_0296,Uniprot_doconno,1,164,tr|A0A1F9WGW4|A0A1F9WGW4_9BACT
pos_0297,Uniprot_doconno,1,133,tr|A0A1F9YCP1|A0A1F9YCP1_9BACT
pos_0298,Uniprot_doconno,1,138,tr|A0A1F9YKY5|A0A1F9YKY5_9BACT
pos_0299,Uniprot_doconno,1,140,tr|A0A1G0CUC0|A0A1G0CUC0_9PROT
pos_0300,Uniprot_doconno,1,230,tr|A0A1G0CUD6|A0A1G0CUD6_9PROT
pos_0301,Uniprot_doconno,1,118,tr|A0A1G0CUG6|A0A1G0CUG6_9PROT
pos_0302,Uniprot_doconno,1,197,tr|A0A1G0CUL8|A0A1G0CUL8_9PROT
pos_0303,Uniprot_doconno,1,236,tr|A0A1G0DJE2|A0A1G0DJE2_9PROT
pos_0304,Uniprot_doconno,1,130,tr|A0A1G0ES75|A0A1G0ES75_9PROT
pos_0305,Uniprot_doconno,1,237,tr|A0A1G0ESA4|A0A1G0ESA4_9PROT
pos_0306,Uniprot_doconno,1,194,tr|A0A1G0ESV1|A0A1G0ESV1_9PROT
pos_0307,Uniprot_doconno,1,256,tr|A0A1G0LEW4|A0A1G0LEW4_9DELT
pos_0308,Uniprot_doconno,1,101,tr|A0A1G0LEY8|A0A1G0LEY8_9DELT
pos_0309,Uniprot_doconno,1,101,tr|A0A1G0LGZ8|A0A1G0LGZ8_9DELT
pos_0310,Uniprot_doconno,1,102,tr|A0A1G0LWI2|A0A1G0LWI2_9DELT
pos_0311,Uniprot_doconno,1,332,tr|A0A1G0LYF3|A0A1G0LYF3_9DELT
pos_0312,Uniprot_doconno,1,101,tr|A0A1G0M2Z1|A0A1G0M2Z1_9DELT
pos_0313,Uniprot_doconno,1,331,tr|A0A1G0M385|A0A1G0M385_9DELT
pos_0314,Uniprot_doconno,1,341,tr|A0A1G0MB59|A0A1G0MB59_9DELT
pos_0315,Uniprot_doconno,1,719,tr|A0A1G0MB66|A0A1G0MB66_9DELT
pos_0316,Uniprot_doconno,1,101,tr|A0A1G0MBF6|A0A1G0MBF6_9DELT
pos_0317,Uniprot_doconno,1,340,tr|A0A1G0MH54|A0A1G0MH54_9DELT
pos_0318,Uniprot_doconno,1,102,tr|A0A1G0MH84|A0A1G0MH84_9DELT
pos_0319,Uniprot_doconno,1,328,tr|A0A1G0MPI2|A0A1G0MPI2_9DELT
pos_0320,Uniprot_doconno,1,341,tr|A0A1G0MWX1|A0A1G0MWX1_9DELT
pos_0321,Uniprot_doconno,1,724,tr|A0A1G0N1K1|A0A1G0N1K1_9DELT
pos_0322,Uniprot_doconno,1,131,tr|A0A1G1D697|A0A1G1D697_9BACT
pos_0323,Uniprot_doconno,1,125,tr|A0A1G1D6E4|A0A1G1D6E4_9BACT
pos_0324,Uniprot_doconno,1,220,tr|A0A1G1D7E2|A0A1G1D7E2_9BACT
pos_0325,Uniprot_doconno,1,257,tr|A0A1G1D7T6|A0A1G1D7T6_9BACT
pos_0326,Uniprot_doconno,1,254,tr|A0A1G1D824|A0A1G1D824_9BACT
pos_0327,Uniprot_doconno,1,251,tr|A0A1G1DAI8|A0A1G1DAI8_9BACT
pos_0328,Uniprot_doconno,1,193,tr|A0A1G1DG83|A0A1G1DG83_9BACT
pos_0329,Uniprot_doconno,1,171,tr|A0A1G1DJ83|A0A1G1DJ83_9BACT
pos_0330,Uniprot_doconno,1,143,tr|A0A1G1DKZ7|A0A1G1DKZ7_9BACT
pos_0331,Uniprot_doconno,1,110,tr|A0A1G1DLW5|A0A1G1DLW5_9BACT
pos_0332,Uniprot_doconno,1,256,tr|A0A1G1DWH6|A0A1G1DWH6_9BACT
pos_0333,Uniprot_doconno,1,567,tr|A0A1G1E359|A0A1G1E359_9BACT
pos_0334,Uniprot_doconno,1,115,tr|A0A1G1EVF8|A0A1G1EVF8_9BACT
pos_0335,Uniprot_doconno,1,102,tr|A0A1G1F3L5|A0A1G1F3L5_9BACT
pos_0336,Uniprot_doconno,1,109,tr|A0A1G1F4S8|A0A1G1F4S8_9BACT
pos_0337,Uniprot_doconno,1,110,tr|A0A1G1F4W6|A0A1G1F4W6_9BACT
pos_0338,Uniprot_doconno,1,203,tr|A0A1G1F6B1|A0A1G1F6B1_9BACT
pos_0339,Uniprot_doconno,1,105,tr|A0A1G1F6H2|A0A1G1F6H2_9BACT
pos_0340,Uniprot_doconno,1,107,tr|A0A1G1FDA6|A0A1G1FDA6_9BACT
pos_0341,Uniprot_doconno,1,108,tr|A0A1G1FGZ6|A0A1G1FGZ6_9BACT
pos_0342,Uniprot_doconno,1,174,tr|A0A1G1FJ91|A0A1G1FJ91_9BACT
pos_0343,Uniprot_doconno,1,106,tr|A0A1G1FKC6|A0A1G1FKC6_9BACT
pos_0344,Uniprot_doconno,1,105,tr|A0A1G1FTW0|A0A1G1FTW0_9BACT
pos_0345,Uniprot_doconno,1,103,tr|A0A1G1G5I3|A0A1G1G5I3_9BACT
pos_0346,Uniprot_doconno,1,107,tr|A0A1G1G9B8|A0A1G1G9B8_9BACT
pos_0347,Uniprot_doconno,1,104,tr|A0A1G1GE58|A0A1G1GE58_9BACT
pos_0348,Uniprot_doconno,1,129,tr|A0A1G1GJG7|A0A1G1GJG7_9BACT
pos_0349,Uniprot_doconno,1,103,tr|A0A1G1GVJ9|A0A1G1GVJ9_9BACT
pos_0350,Uniprot_doconno,1,106,tr|A0A1G1GXE9|A0A1G1GXE9_9BACT
pos_0351,Uniprot_doconno,1,243,tr|A0A1G1GZQ7|A0A1G1GZQ7_9BACT
pos_0352,Uniprot_doconno,1,84,tr|A0A1G1GZS7|A0A1G1GZS7_9BACT
pos_0353,Uniprot_doconno,1,102,tr|A0A1G1H054|A0A1G1H054_9BACT
pos_0355,Uniprot_doconno,1,140,tr|A0A1G1HDC6|A0A1G1HDC6_9BACT
pos_0356,Uniprot_doconno,1,567,tr|A0A1G1HH23|A0A1G1HH23_9BACT
pos_0357,Uniprot_doconno,1,108,tr|A0A1G1HLG1|A0A1G1HLG1_9BACT
pos_0358,Uniprot_doconno,1,157,tr|A0A1G1HPZ0|A0A1G1HPZ0_9BACT
pos_0359,Uniprot_doconno,1,281,tr|A0A1G1HQ11|A0A1G1HQ11_9BACT
pos_0360,Uniprot_doconno,1,123,tr|A0A1G1HQD6|A0A1G1HQD6_9BACT
pos_0361,Uniprot_doconno,1,177,tr|A0A1G1HRG8|A0A1G1HRG8_9BACT
pos_0365,Uniprot_doconno,1,123,tr|A0A1G1HUB3|A0A1G1HUB3_9BACT
pos_0366,Uniprot_doconno,1,112,tr|A0A1G1HYU8|A0A1G1HYU8_9BACT
pos_0367,Uniprot_doconno,1,204,tr|A0A1G1HZ54|A0A1G1HZ54_9BACT
pos_0368,Uniprot_doconno,1,108,tr|A0A1G1MCV0|A0A1G1MCV0_9BACT
pos_0369,Uniprot_doconno,1,714,tr|A0A1G2VZH1|A0A1G2VZH1_9DELT
pos_0370,Uniprot_doconno,1,104,tr|A0A1G2WF53|A0A1G2WF53_9DELT
pos_0371,Uniprot_doconno,1,106,tr|A0A1G2WJG5|A0A1G2WJG5_9DELT
pos_0372,Uniprot_doconno,1,300,tr|A0A1G2ZZT0|A0A1G2ZZT0_9BACT
pos_0373,Uniprot_doconno,1,124,tr|A0A1G3HP40|A0A1G3HP40_9RHOO
pos_0374,Uniprot_doconno,1,141,tr|A0A1G3HP45|A0A1G3HP45_9RHOO
pos_0375,Uniprot_doconno,1,208,tr|A0A1G3HP86|A0A1G3HP86_9RHOO
pos_0376,Uniprot_doconno,1,184,tr|A0A1G3HPB6|A0A1G3HPB6_9RHOO
pos_0377,Uniprot_doconno,1,102,tr|A0A1G3ULC3|A0A1G3ULC3_9DELT
pos_0379,Uniprot_doconno,1,104,tr|A0A1G3V4M3|A0A1G3V4M3_9DELT
pos_0381,Uniprot_doconno,1,257,tr|A0A1G3VR58|A0A1G3VR58_9DELT
pos_0382,Uniprot_doconno,1,135,tr|A0A1G3Y6S9|A0A1G3Y6S9_9BACT
pos_0383,Uniprot_doconno,1,104,tr|A0A1G7E1E1|A0A1G7E1E1_9DELT
pos_0384,Uniprot_doconno,1,334,tr|A0A1G8N676|A0A1G8N676_9RHOO
pos_0385,Uniprot_doconno,1,179,tr|A0A1G9IWP4|A0A1G9IWP4_9DELT
pos_0386,Uniprot_doconno,1,138,tr|A0A1H0N5V5|A0A1H0N5V5_9DELT
pos_0387,Uniprot_doconno,1,104,tr|A0A1H3VSM7|A0A1H3VSM7_9DELT
pos_0388,Uniprot_doconno,1,214,tr|A0A1J5BTM3|A0A1J5BTM3_9BURK
pos_0389,Uniprot_doconno,1,110,tr|A0A1J5C2T2|A0A1J5C2T2_9BURK
pos_0390,Uniprot_doconno,1,102,tr|A0A1J5HUX7|A0A1J5HUX7_9DELT
pos_0391,Uniprot_doconno,1,98,tr|A0A1J5I9F7|A0A1J5I9F7_9DELT
pos_0392,Uniprot_doconno,1,82,tr|A0A1J5P9N1|A0A1J5P9N1_9ZZZZ
pos_0393,Uniprot_doconno,1,100,tr|A0A1L3GQ65|A0A1L3GQ65_9DELT
pos_0394,Uniprot_doconno,1,225,tr|A0A1M5V839|A0A1M5V839_9DELT
pos_0395,Uniprot_doconno,1,218,tr|A0A1N6ZHL5|A0A1N6ZHL5_9RHOO
pos_0396,Uniprot_doconno,1,222,tr|A0A1N6ZLC9|A0A1N6ZLC9_9RHOO
pos_0397,Uniprot_doconno,1,143,tr|A0A1N6ZLI0|A0A1N6ZLI0_9RHOO
pos_0398,Uniprot_doconno,1,87,tr|A0A1N6ZMC3|A0A1N6ZMC3_9RHOO
pos_0399,Uniprot_doconno,1,223,tr|A0A1N6ZMP5|A0A1N6ZMP5_9RHOO
pos_0400,Uniprot_doconno,1,144,tr|A0A1Q6DQF7|A0A1Q6DQF7_9DELT
pos_0404,Uniprot_doconno,1,149,tr|A0A1V6G5S3|A0A1V6G5S3_9BACT
pos_0405,Uniprot_doconno,1,250,tr|A0A1V6IVD0|A0A1V6IVD0_9DELT
pos_0406,Uniprot_doconno,1,321,tr|A0A1W7QQI0|A0A1W7QQI0_9DELT
pos_0407,Uniprot_doconno,1,266,tr|A0A1W7QTH5|A0A1W7QTH5_9DELT
pos_0408,Uniprot_doconno,1,277,tr|A0A1W7QTI9|A0A1W7QTI9_9DELT
pos_0409,Uniprot_doconno,1,330,tr|A0A1W7QUK5|A0A1W7QUK5_9DELT
pos_0410,Uniprot_doconno,1,102,tr|A0A1W7QUN7|A0A1W7QUN7_9DELT
pos_0411,Uniprot_doconno,1,109,tr|A0A1W9UFQ4|A0A1W9UFQ4_9DELT
pos_0412,Uniprot_doconno,1,128,tr|A0A1X0Y0Y3|A0A1X0Y0Y3_9DELT
pos_0413,Uniprot_doconno,1,524,tr|A0A1Y1RH44|A0A1Y1RH44_9BACT
pos_0414,Uniprot_doconno,1,353,tr|A0A1Y5GSN6|A0A1Y5GSN6_9GAMM
pos_0415,Uniprot_doconno,1,127,tr|A0A1Y5GSS7|A0A1Y5GSS7_9GAMM
pos_0416,Uniprot_doconno,1,127,tr|A0A1Y5GX23|A0A1Y5GX23_9GAMM
pos_0417,Uniprot_doconno,1,308,tr|A0A1Y5GYE4|A0A1Y5GYE4_9GAMM
pos_0418,Uniprot_doconno,1,204,tr|A0A1Y5GYS6|A0A1Y5GYS6_9GAMM
pos_0420,Uniprot_doconno,1,104,tr|A0A212PEM8|A0A212PEM8_9DELT
pos_0422,Uniprot_doconno,1,252,tr|A0A212PME3|A0A212PME3_9DELT
pos_0424,Uniprot_doconno,1,192,tr|A0A254TF56|A0A254TF56_9BURK
pos_0425,Uniprot_doconno,1,209,tr|A0A254TG46|A0A254TG46_9BURK
pos_0426,Uniprot_doconno,1,75,tr|A0A257H475|A0A257H475_9BURK
pos_0427,Uniprot_doconno,1,185,tr|A0A2A4RV12|A0A2A4RV12_9GAMM
pos_0428,Uniprot_doconno,1,133,tr|A0A2A4RV23|A0A2A4RV23_9GAMM
pos_0430,Uniprot_doconno,1,216,tr|A0A2A4W7D5|A0A2A4W7D5_9GAMM
pos_0431,Uniprot_doconno,1,141,tr|A0A2A4XG31|A0A2A4XG31_9GAMM
pos_0432,Uniprot_doconno,1,217,tr|A0A2A4XV92|A0A2A4XV92_9GAMM
pos_0433,Uniprot_doconno,1,266,tr|A0A2A4XW83|A0A2A4XW83_9GAMM
pos_0434,Uniprot_doconno,1,141,tr|A0A2A4Y3I4|A0A2A4Y3I4_9GAMM
pos_0435,Uniprot_doconno,1,95,tr|A0A2E3A6Y7|A0A2E3A6Y7_9BACT
pos_0436,Uniprot_doconno,1,141,tr|A0A2E6NRC6|A0A2E6NRC6_9BACT
pos_0437,Uniprot_doconno,1,138,tr|A0A2G2DH73|A0A2G2DH73_9DELT
pos_0438,Uniprot_doconno,1,149,tr|A0A2G6FK30|A0A2G6FK30_9DELT
pos_0439,Uniprot_doconno,1,122,tr|A0A2G6FNF8|A0A2G6FNF8_9DELT
pos_0440,Uniprot_doconno,1,138,tr|A0A2G6MX83|A0A2G6MX83_9DELT
pos_0441,Uniprot_doconno,1,141,tr|A0A2G6NP41|A0A2G6NP41_9DELT
pos_0442,Uniprot_doconno,1,196,tr|A0A2H0G552|A0A2H0G552_9PROT
pos_0443,Uniprot_doconno,1,119,tr|A0A2H0G581|A0A2H0G581_9PROT
pos_0444,Uniprot_doconno,1,221,tr|A0A2H0IVP1|A0A2H0IVP1_9BURK
pos_0445,Uniprot_doconno,1,112,tr|A0A2H0IVT3|A0A2H0IVT3_9BURK
pos_0446,Uniprot_doconno,1,116,tr|A0A2H0MQZ9|A0A2H0MQZ9_9BACT
pos_0447,Uniprot_doconno,1,134,tr|A0A2H0N022|A0A2H0N022_9BACT
pos_0448,Uniprot_doconno,1,80,tr|A0A2H0P116|A0A2H0P116_9BACT
pos_0449,Uniprot_doconno,1,105,tr|A0A2H5WZM7|A0A2H5WZM7_9BACT
pos_0450,Uniprot_doconno,1,129,tr|A0A2H5XPZ3|A0A2H5XPZ3_9BACT
pos_0451,Uniprot_doconno,1,120,tr|A0A2H5XQV0|A0A2H5XQV0_9BACT
pos_0452,Uniprot_doconno,1,102,tr|A0A2H6FBR3|A0A2H6FBR3_9BACT
pos_0453,Uniprot_doconno,1,111,tr|A0A2H6FBT9|A0A2H6FBT9_9BACT
pos_0454,Uniprot_doconno,1,254,tr|A0A2H6FCY8|A0A2H6FCY8_9BACT
pos_0456,Uniprot_doconno,1,176,tr|A0A2H6FEA4|A0A2H6FEA4_9BACT
pos_0457,Uniprot_doconno,1,110,tr|A0A2H6FI02|A0A2H6FI02_9BACT
pos_0458,Uniprot_doconno,1,122,tr|A0A2H6FJH2|A0A2H6FJH2_9BACT
pos_0459,Uniprot_doconno,1,254,tr|A0A2H6FJI5|A0A2H6FJI5_9BACT
pos_0460,Uniprot_doconno,1,191,tr|A0A2H6FMR5|A0A2H6FMR5_9BACT
pos_0461,Uniprot_doconno,1,239,tr|A0A2H6FZX8|A0A2H6FZX8_9BACT
pos_0462,Uniprot_doconno,1,178,tr|A0A2H6FZY8|A0A2H6FZY8_9BACT
pos_0463,Uniprot_doconno,1,137,tr|A0A2H6FZY9|A0A2H6FZY9_9BACT
pos_0464,Uniprot_doconno,1,135,tr|A0A2H6G014|A0A2H6G014_9BACT
pos_0465,Uniprot_doconno,1,104,tr|A0A2H6ICZ7|A0A2H6ICZ7_9BACT
pos_0466,Uniprot_doconno,1,228,tr|A0A2H6JLQ7|A0A2H6JLQ7_9BACT
pos_0467,Uniprot_doconno,1,124,tr|A0A2J6IZZ0|A0A2J6IZZ0_9DELT
pos_0468,Uniprot_doconno,1,103,tr|A0A2J6J0B4|A0A2J6J0B4_9DELT
pos_0469,Uniprot_doconno,1,119,tr|A0A2J6J6T3|A0A2J6J6T3_9DELT
pos_0470,Uniprot_doconno,1,64,tr|A0A2J6J976|A0A2J6J976_9DELT
pos_0471,Uniprot_doconno,1,104,tr|A0A2J6J9F7|A0A2J6J9F7_9DELT
pos_0472,Uniprot_doconno,1,122,tr|A0A2J6J9M1|A0A2J6J9M1_9DELT
pos_0473,Uniprot_doconno,1,101,tr|A0A2J6JBK6|A0A2J6JBK6_9DELT
pos_0474,Uniprot_doconno,1,128,tr|A0A2K2H852|A0A2K2H852_9DELT
pos_0475,Uniprot_doconno,1,134,tr|A0A2M7BGW8|A0A2M7BGW8_9DELT
pos_0477,Uniprot_doconno,1,110,tr|A0A2M7EF78|A0A2M7EF78_9BACT
pos_0478,Uniprot_doconno,1,113,tr|A0A2M7FUN3|A0A2M7FUN3_9BURK
pos_0479,Uniprot_doconno,1,209,tr|A0A2M7FW23|A0A2M7FW23_9BURK
pos_0480,Uniprot_doconno,1,129,tr|A0A2M7GLE8|A0A2M7GLE8_9PROT
pos_0481,Uniprot_doconno,1,92,tr|A0A2M7GLG7|A0A2M7GLG7_9PROT
pos_0484,Uniprot_doconno,1,105,tr|A0A2N1UL65|A0A2N1UL65_9BACT
pos_0485,Uniprot_doconno,1,124,tr|A0A2N2FZ04|A0A2N2FZ04_9DELT
pos_0486,Uniprot_doconno,1,195,tr|A0A2N2JE55|A0A2N2JE55_9DELT
pos_0487,Uniprot_doconno,1,198,tr|A0A2N2QT36|A0A2N2QT36_9PROT
pos_0488,Uniprot_doconno,1,132,tr|A0A2N2QT41|A0A2N2QT41_9PROT
pos_0489,Uniprot_doconno,1,212,tr|A0A2N2QT50|A0A2N2QT50_9PROT
pos_0490,Uniprot_doconno,1,117,tr|A0A2N2QT66|A0A2N2QT66_9PROT
pos_0491,Uniprot_doconno,1,197,tr|A0A2N2T5Q1|A0A2N2T5Q1_9PROT
pos_0492,Uniprot_doconno,1,231,tr|A0A2N2T5Q4|A0A2N2T5Q4_9PROT
pos_0493,Uniprot_doconno,1,111,tr|A0A2N2T5T0|A0A2N2T5T0_9PROT
pos_0494,Uniprot_doconno,1,210,tr|A0A2N2VEI3|A0A2N2VEI3_9PROT
pos_0495,Uniprot_doconno,1,123,tr|A0A2N2VEL5|A0A2N2VEL5_9PROT
pos_0496,Uniprot_doconno,1,200,tr|A0A2N2VEM4|A0A2N2VEM4_9PROT
pos_0497,Uniprot_doconno,1,126,tr|A0A2N2VEP5|A0A2N2VEP5_9PROT
pos_0498,Uniprot_doconno,1,115,tr|A0A2N3PTW7|A0A2N3PTW7_9PROT
pos_0499,Uniprot_doconno,1,145,tr|A0A2N6C7X6|A0A2N6C7X6_9DELT
pos_0500,Uniprot_doconno,1,129,tr|A0A2N6E9C7|A0A2N6E9C7_9DELT
pos_0501,Uniprot_doconno,1,127,tr|A0A2N6F814|A0A2N6F814_9DELT
pos_0502,Uniprot_doconno,1,75,tr|A0A2N7PLC8|A0A2N7PLC8_9BACT
pos_0503,Uniprot_doconno,1,148,tr|A0A2N7PLK0|A0A2N7PLK0_9BACT
pos_0504,Uniprot_doconno,1,134,tr|A0A2T4U177|A0A2T4U177_9BACT
pos_0505,Uniprot_doconno,1,133,tr|A0A2U1RL88|A0A2U1RL88_9BACT
pos_0506,Uniprot_doconno,1,151,tr|A0A2U1RS45|A0A2U1RS45_9PROT
pos_0507,Uniprot_doconno,1,127,tr|A0A2U1RZ65|A0A2U1RZ65_9PROT
pos_0508,Uniprot_doconno,1,196,tr|A0A2U1RZ89|A0A2U1RZ89_9PROT
pos_0509,Uniprot_doconno,1,126,tr|A0A2U1S0V9|A0A2U1S0V9_9BACT
pos_0510,Uniprot_doconno,1,148,tr|A0A2U1VCX8|A0A2U1VCX8_9PROT
pos_0511,Uniprot_doconno,1,183,tr|A0A2U1VZ08|A0A2U1VZ08_9PROT
pos_0512,Uniprot_doconno,1,130,tr|A0A2U3QKQ0|A0A2U3QKQ0_9BACT
pos_0513,Uniprot_doconno,1,194,tr|A0A2V8S4W4|A0A2V8S4W4_9BACT
pos_0518,Uniprot_doconno,1,281,tr|A0A349BNZ2|A0A349BNZ2_9BACT
pos_0521,Uniprot_doconno,1,123,tr|A0A349EQ13|A0A349EQ13_9BACT
pos_0522,Uniprot_doconno,1,149,tr|A0A349MJW5|A0A349MJW5_9PROT
pos_0523,Uniprot_doconno,1,200,tr|A0A349MJW8|A0A349MJW8_9PROT
pos_0524,Uniprot_doconno,1,104,tr|A0A349MJW9|A0A349MJW9_9PROT
pos_0525,Uniprot_doconno,1,178,tr|A0A349MM28|A0A349MM28_9PROT
pos_0526,Uniprot_doconno,1,118,tr|A0A351I076|A0A351I076_9BACT
pos_0527,Uniprot_doconno,1,222,tr|A0A351RS22|A0A351RS22_9BACT
pos_0528,Uniprot_doconno,1,204,tr|A0A351RVG8|A0A351RVG8_9BACT
pos_0529,Uniprot_doconno,1,110,tr|A0A351RVJ3|A0A351RVJ3_9BACT
pos_0530,Uniprot_doconno,1,248,tr|A0A351RVJ4|A0A351RVJ4_9BACT
pos_0531,Uniprot_doconno,1,126,tr|A0A351RVJ5|A0A351RVJ5_9BACT
pos_0533,Uniprot_doconno,1,102,tr|A0A351WYL7|A0A351WYL7_9DELT
pos_0534,Uniprot_doconno,1,102,tr|A0A351Z3N3|A0A351Z3N3_9DELT
pos_0535,Uniprot_doconno,1,125,tr|A0A353H4T7|A0A353H4T7_9DELT
pos_0537,Uniprot_doconno,1,139,tr|A0A353NGM6|A0A353NGM6_9DELT
pos_0538,Uniprot_doconno,1,77,tr|A0A353SRS4|A0A353SRS4_9DELT
pos_0541,Uniprot_doconno,1,149,tr|A0A353V2R5|A0A353V2R5_9BACT
pos_0545,Uniprot_doconno,1,80,tr|A0A354F5B5|A0A354F5B5_9BACT
pos_0546,Uniprot_doconno,1,542,tr|A0A354F6L0|A0A354F6L0_9BACT
pos_0547,Uniprot_doconno,1,163,tr|A0A355E6P4|A0A355E6P4_9BACT
pos_0548,Uniprot_doconno,1,141,tr|A0A356FGI7|A0A356FGI7_9BACT
pos_0549,Uniprot_doconno,1,356,tr|A0A356GRV6|A0A356GRV6_9DELT
pos_0550,Uniprot_doconno,1,83,tr|A0A356HUT4|A0A356HUT4_9DELT
pos_0551,Uniprot_doconno,1,116,tr|A0A356HXN5|A0A356HXN5_9DELT
pos_0553,Uniprot_doconno,1,225,tr|A0A357BPT9|A0A357BPT9_9DELT
pos_0554,Uniprot_doconno,1,132,tr|A0A357BTG3|A0A357BTG3_9DELT
pos_0555,Uniprot_doconno,1,228,tr|A0A357BTH3|A0A357BTH3_9DELT
pos_0556,Uniprot_doconno,1,111,tr|A0A357BTM4|A0A357BTM4_9DELT
pos_0557,Uniprot_doconno,1,174,tr|A0A357C770|A0A357C770_9BACT
pos_0558,Uniprot_doconno,1,99,tr|A0A357ZKB2|A0A357ZKB2_9DELT
pos_0559,Uniprot_doconno,1,114,tr|A0A359LQT8|A0A359LQT8_9BACT
pos_0561,Uniprot_doconno,1,203,tr|A0A369KZK2|A0A369KZK2_9GAMM
pos_0562,Uniprot_doconno,1,146,tr|A0A369L262|A0A369L262_9GAMM
pos_0563,Uniprot_doconno,1,185,tr|A0A369L291|A0A369L291_9GAMM
pos_0564,Uniprot_doconno,1,127,tr|A0A369L3I6|A0A369L3I6_9GAMM
pos_0565,Uniprot_doconno,1,102,tr|A0A3A4NXA6|A0A3A4NXA6_9DELT
pos_0566,Uniprot_doconno,1,147,tr|A0A3A6NK29|A0A3A6NK29_9DELT
pos_0567,Uniprot_doconno,1,121,tr|A0A3A8GDK9|A0A3A8GDK9_9DELT
pos_0568,Uniprot_doconno,1,121,tr|A0A3A8HE84|A0A3A8HE84_9DELT
pos_0569,Uniprot_doconno,1,113,tr|A0A3A8HQ23|A0A3A8HQ23_9DELT
pos_0570,Uniprot_doconno,1,109,tr|A0A3A8HVY5|A0A3A8HVY5_9DELT
pos_0571,Uniprot_doconno,1,118,tr|A0A3A8K259|A0A3A8K259_9DELT
pos_0572,Uniprot_doconno,1,110,tr|A0A3A8KTR5|A0A3A8KTR5_9DELT
pos_0573,Uniprot_doconno,1,110,tr|A0A3A8NPX1|A0A3A8NPX1_9DELT
pos_0574,Uniprot_doconno,1,109,tr|A0A3A8PKS5|A0A3A8PKS5_9DELT
pos_0575,Uniprot_doconno,1,121,tr|A0A3A8R9B2|A0A3A8R9B2_9DELT
pos_0577,Uniprot_doconno,1,114,tr|A0A3B0QMH0|A0A3B0QMH0_9ZZZZ
pos_0578,Uniprot_doconno,1,249,tr|A0A3B0QS20|A0A3B0QS20_9ZZZZ
pos_0579,Uniprot_doconno,1,113,tr|A0A3B0R4R6|A0A3B0R4R6_9ZZZZ
pos_0580,Uniprot_doconno,1,249,tr|A0A3B0RID5|A0A3B0RID5_9ZZZZ
pos_0581,Uniprot_doconno,1,148,tr|A0A3B0RMT1|A0A3B0RMT1_9ZZZZ
pos_0582,Uniprot_doconno,1,153,tr|A0A3B0UQ52|A0A3B0UQ52_9ZZZZ
pos_0583,Uniprot_doconno,1,249,tr|A0A3B0UWZ8|A0A3B0UWZ8_9ZZZZ
pos_0584,Uniprot_doconno,1,113,tr|A0A3B0V8Z0|A0A3B0V8Z0_9ZZZZ
pos_0585,Uniprot_doconno,1,334,tr|A0A3B0VFE2|A0A3B0VFE2_9ZZZZ
pos_0586,Uniprot_doconno,1,254,tr|A0A3B0VFY8|A0A3B0VFY8_9ZZZZ
pos_0587,Uniprot_doconno,1,189,tr|A0A3B0VM06|A0A3B0VM06_9ZZZZ
pos_0588,Uniprot_doconno,1,198,tr|A0A3B0VQ21|A0A3B0VQ21_9ZZZZ
pos_0589,Uniprot_doconno,1,169,tr|A0A3B0VSN0|A0A3B0VSN0_9ZZZZ
pos_0590,Uniprot_doconno,1,115,tr|A0A3B0W0T0|A0A3B0W0T0_9ZZZZ
pos_0591,Uniprot_doconno,1,169,tr|A0A3B0W139|A0A3B0W139_9ZZZZ
pos_0592,Uniprot_doconno,1,198,tr|A0A3B0W5G5|A0A3B0W5G5_9ZZZZ
pos_0593,Uniprot_doconno,1,223,tr|A0A3B0ZLE8|A0A3B0ZLE8_9ZZZZ
pos_0594,Uniprot_doconno,1,186,tr|A0A3B0ZRR4|A0A3B0ZRR4_9ZZZZ
pos_0595,Uniprot_doconno,1,207,tr|A0A3B1A367|A0A3B1A367_9ZZZZ
pos_0596,Uniprot_doconno,1,197,tr|A0A3B1A4H8|A0A3B1A4H8_9ZZZZ
pos_0597,Uniprot_doconno,1,234,tr|A0A3B1AJL0|A0A3B1AJL0_9ZZZZ
pos_0598,Uniprot_doconno,1,114,tr|A0A3B1AYR2|A0A3B1AYR2_9ZZZZ
pos_0599,Uniprot_doconno,1,209,tr|A0A3B1B0H4|A0A3B1B0H4_9ZZZZ
pos_0600,Uniprot_doconno,1,190,tr|A0A3B1B353|A0A3B1B353_9ZZZZ
pos_0601,Uniprot_doconno,1,122,tr|A0A3B1BEX9|A0A3B1BEX9_9ZZZZ
pos_0602,Uniprot_doconno,1,282,tr|A0A3B1BFG0|A0A3B1BFG0_9ZZZZ
pos_0603,Uniprot_doconno,1,192,tr|A0A3B1BFY0|A0A3B1BFY0_9ZZZZ
pos_0604,Uniprot_doconno,1,141,tr|A0A3B1BH90|A0A3B1BH90_9ZZZZ
pos_0605,Uniprot_doconno,1,124,tr|A0A3B1BRS0|A0A3B1BRS0_9ZZZZ
pos_0606,Uniprot_doconno,1,220,tr|A0A3B1BW57|A0A3B1BW57_9ZZZZ
pos_0607,Uniprot_doconno,1,205,tr|A0A3B1C9X6|A0A3B1C9X6_9ZZZZ
pos_0608,Uniprot_doconno,1,104,tr|A0A3B1CMW0|A0A3B1CMW0_9ZZZZ
pos_0609,Uniprot_doconno,1,240,tr|A0A3B1CZM5|A0A3B1CZM5_9ZZZZ
pos_0610,Uniprot_doconno,1,104,tr|A0A3B1D0B7|A0A3B1D0B7_9ZZZZ
pos_0611,Uniprot_doconno,1,123,tr|A0A3B1DB05|A0A3B1DB05_9ZZZZ
pos_0613,Uniprot_doconno,1,150,tr|A0A3B9YHY7|A0A3B9YHY7_9BACT
pos_0614,Uniprot_doconno,1,100,tr|A0A3C0TLU8|A0A3C0TLU8_9BACT
pos_0616,Uniprot_doconno,1,149,tr|A0A3C0V9J4|A0A3C0V9J4_9BACT
pos_0617,Uniprot_doconno,1,102,tr|A0A3C1EHF6|A0A3C1EHF6_9DELT
pos_0618,Uniprot_doconno,1,120,tr|A0A3C1GC83|A0A3C1GC83_9BACT
pos_0619,Uniprot_doconno,1,256,tr|A0A3C2AGH5|A0A3C2AGH5_9BACT
pos_0621,Uniprot_doconno,1,163,tr|A0A3D1BMA5|A0A3D1BMA5_9BACT
pos_0623,Uniprot_doconno,1,205,tr|A0A3D5YA46|A0A3D5YA46_9DELT
pos_0624,Uniprot_doconno,1,122,tr|A0A3D5YAF4|A0A3D5YAF4_9DELT
pos_0625,Uniprot_doconno,1,169,tr|A0A3D6AIC9|A0A3D6AIC9_9BURK
pos_0626,Uniprot_doconno,1,147,tr|A0A3D6AIL8|A0A3D6AIL8_9BURK
pos_0627,Uniprot_doconno,1,183,tr|A0A3D6AIP7|A0A3D6AIP7_9BURK
pos_0628,Uniprot_doconno,1,117,tr|A0A3D6AJ02|A0A3D6AJ02_9BURK
pos_0629,Uniprot_doconno,1,139,tr|A0A3L6M477|A0A3L6M477_9RHOO
pos_0630,Uniprot_doconno,1,194,tr|A0A3L6M4R6|A0A3L6M4R6_9RHOO
pos_0631,Uniprot_doconno,1,87,tr|A0A3L6M564|A0A3L6M564_9RHOO
pos_0632,Uniprot_doconno,1,127,tr|A0A3L6M7Q0|A0A3L6M7Q0_9RHOO
pos_0633,Uniprot_doconno,1,124,tr|A0A3M0XQ05|A0A3M0XQ05_9PROT
pos_0634,Uniprot_doconno,1,213,tr|A0A3M0Z8S9|A0A3M0Z8S9_9GAMM
pos_0635,Uniprot_doconno,1,209,tr|A0A3M1DWQ2|A0A3M1DWQ2_9DELT
pos_0636,Uniprot_doconno,1,174,tr|A0A3M1G7G4|A0A3M1G7G4_9BACT
pos_0637,Uniprot_doconno,1,55,tr|A0A3M1GL60|A0A3M1GL60_9BACT
pos_0638,Uniprot_doconno,1,126,tr|A0A3M1MQ87|A0A3M1MQ87_9DELT
pos_0639,Uniprot_doconno,1,108,tr|A0A3M1RQI1|A0A3M1RQI1_9BACT
pos_0640,Uniprot_doconno,1,101,tr|A0A3M1SCK9|A0A3M1SCK9_9BACT
pos_0641,Uniprot_doconno,1,241,tr|A0A3M1XZG3|A0A3M1XZG3_9BACT
pos_0642,Uniprot_doconno,1,157,tr|A0A3M2C2U3|A0A3M2C2U3_9GAMM
pos_0643,Uniprot_doconno,1,135,tr|A0A3M2C391|A0A3M2C391_9BACT
pos_0644,Uniprot_doconno,1,228,tr|A0A3M2CFS7|A0A3M2CFS7_9GAMM
pos_0645,Uniprot_doconno,1,338,tr|A0A3N1Y1N1|A0A3N1Y1N1_9GAMM
pos_0646,Uniprot_doconno,1,151,tr|A0A3N1Y276|A0A3N1Y276_9GAMM
pos_0647,Uniprot_doconno,1,203,tr|A0A3N1Y326|A0A3N1Y326_9GAMM
pos_0648,Uniprot_doconno,1,126,tr|A0A3N1Y6H8|A0A3N1Y6H8_9GAMM
pos_0649,Uniprot_doconno,1,122,tr|A0A3N5EZ82|A0A3N5EZ82_9DELT
pos_0650,Uniprot_doconno,1,116,tr|A0A3N5ISV6|A0A3N5ISV6_9BACT
pos_0651,Uniprot_doconno,1,110,tr|A0A3N5KYB2|A0A3N5KYB2_9BACT
pos_0652,Uniprot_doconno,1,104,tr|A0A3N5NFH2|A0A3N5NFH2_9BACT
pos_0653,Uniprot_doconno,1,115,tr|A0A3N5W1P1|A0A3N5W1P1_9DELT
pos_0654,Uniprot_doconno,1,228,tr|A0A3N5XEM7|A0A3N5XEM7_9BACT
pos_0655,Uniprot_doconno,1,115,tr|A0A3N5YIC2|A0A3N5YIC2_9BACT
pos_0656,Uniprot_doconno,1,115,tr|A0A3N5YQ54|A0A3N5YQ54_9BACT
pos_0657,Uniprot_doconno,1,115,tr|A0A3N5ZBF2|A0A3N5ZBF2_9BACT
pos_0658,Uniprot_doconno,1,204,tr|A0A3P3VR29|A0A3P3VR29_9GAMM
pos_0659,Uniprot_doconno,1,128,tr|A0A3P3VR34|A0A3P3VR34_9GAMM
pos_0660,Uniprot_doconno,1,139,tr|A0A3P3VVN2|A0A3P3VVN2_9GAMM
pos_0661,Uniprot_doconno,1,121,tr|A0A410RMH8|A0A410RMH8_CORCK
pos_0662,Uniprot_doconno,1,102,tr|A0A419FUD8|A0A419FUD8_9BACT
pos_0663,Uniprot_doconno,1,110,tr|A0A419GH43|A0A419GH43_9BACT
pos_0664,Uniprot_doconno,1,141,tr|A0A419GM36|A0A419GM36_9ACTN
pos_0666,Uniprot_doconno,1,114,tr|A0A421JYT3|A0A421JYT3_9GAMM
pos_0667,Uniprot_doconno,1,215,tr|A0A421JYW3|A0A421JYW3_9GAMM
pos_0668,Uniprot_doconno,1,142,tr|A0A432QJ72|A0A432QJ72_9DELT
pos_0669,Uniprot_doconno,1,134,tr|A0A432UCM2|A0A432UCM2_9BACT
pos_0670,Uniprot_doconno,1,107,tr|A0A432UH54|A0A432UH54_9BACT
pos_0671,Uniprot_doconno,1,107,tr|A0A432UNF4|A0A432UNF4_9BACT
pos_0675,Uniprot_doconno,1,229,tr|A0A444JDL6|A0A444JDL6_9DELT
pos_0676,Uniprot_doconno,1,182,tr|A0A496WDS9|A0A496WDS9_9GAMM
pos_0677,Uniprot_doconno,1,124,tr|A0A496WED4|A0A496WED4_9GAMM
pos_0678,Uniprot_doconno,1,171,tr|A0A496WF37|A0A496WF37_9GAMM
pos_0679,Uniprot_doconno,1,118,tr|A0A496WFB4|A0A496WFB4_9GAMM
pos_0680,Uniprot_doconno,1,112,tr|A0A497TFV7|A0A497TFV7_9BACT
pos_0681,Uniprot_doconno,1,224,tr|A0A497TST4|A0A497TST4_9BACT
pos_0682,Uniprot_doconno,1,224,tr|A0A497U0V2|A0A497U0V2_9BACT
pos_0683,Uniprot_doconno,1,122,tr|A0A497U7H6|A0A497U7H6_9BACT
pos_0684,Uniprot_doconno,1,157,tr|A0A4Q7LTT3|A0A4Q7LTT3_9BURK
pos_0685,Uniprot_doconno,1,396,tr|A0A4Q7LUS4|A0A4Q7LUS4_9BURK
pos_0686,Uniprot_doconno,1,134,tr|A0A4Q7LWJ4|A0A4Q7LWJ4_9BURK
pos_0688,Uniprot_doconno,1,107,tr|A0A4R2FCD3|A0A4R2FCD3_9GAMM
pos_0691,Uniprot_doconno,1,133,tr|A0A4U1BBG3|A0A4U1BBG3_9GAMM
pos_0692,Uniprot_doconno,1,201,tr|A0A4U1BBJ5|A0A4U1BBJ5_9GAMM
pos_0693,Uniprot_doconno,1,123,tr|A0A4U1BBL4|A0A4U1BBL4_9GAMM
pos_0694,Uniprot_doconno,1,208,tr|A0A4V2EX39|A0A4V2EX39_9BURK
pos_0695,Uniprot_doconno,1,121,tr|A0A511TCS4|A0A511TCS4_MYXFU
pos_0696,Uniprot_doconno,1,107,tr|A0A521DDU8|A0A521DDU8_9BACT
pos_0697,Uniprot_doconno,1,146,tr|A0A521G4E2|A0A521G4E2_9DELT
pos_0698,Uniprot_doconno,1,123,tr|A0A521S440|A0A521S440_9BACT
pos_0699,Uniprot_doconno,1,230,tr|A0A521S486|A0A521S486_9BACT
pos_0700,Uniprot_doconno,1,191,tr|A0A521XQN7|A0A521XQN7_9PROT
pos_0701,Uniprot_doconno,1,136,tr|A0A521XQP7|A0A521XQP7_9PROT
pos_0702,Uniprot_doconno,1,124,tr|A0A521XQS3|A0A521XQS3_9PROT
pos_0703,Uniprot_doconno,1,102,tr|A0A522C0R9|A0A522C0R9_9BACT
pos_0704,Uniprot_doconno,1,124,tr|A0A522F486|A0A522F486_9BACT
pos_0705,Uniprot_doconno,1,102,tr|A0A522UXR3|A0A522UXR3_9BACT
pos_0706,Uniprot_doconno,1,113,tr|A0A522WEH8|A0A522WEH8_9BACT
pos_0707,Uniprot_doconno,1,123,tr|A0A522WEI4|A0A522WEI4_9BACT
pos_0708,Uniprot_doconno,1,226,tr|A0A522WEJ8|A0A522WEJ8_9BACT
pos_0709,Uniprot_doconno,1,237,tr|A0A522WF19|A0A522WF19_9BACT
pos_0710,Uniprot_doconno,1,191,tr|A0A522WNC1|A0A522WNC1_9BACT
pos_0711,Uniprot_doconno,1,123,tr|A0A522XAH2|A0A522XAH2_9PROT
pos_0712,Uniprot_doconno,1,132,tr|A0A522XAH5|A0A522XAH5_9PROT
pos_0713,Uniprot_doconno,1,208,tr|A0A522XAH6|A0A522XAH6_9PROT
pos_0714,Uniprot_doconno,1,156,tr|A0A522YJP9|A0A522YJP9_9BACT
pos_0715,Uniprot_doconno,1,102,tr|A0A523A730|A0A523A730_9DELT
pos_0716,Uniprot_doconno,1,143,tr|A0A524GVI6|A0A524GVI6_9GAMM
pos_0717,Uniprot_doconno,1,127,tr|A0A525CXK1|A0A525CXK1_9DELT
pos_0718,Uniprot_doconno,1,113,tr|A0A534V3Z0|A0A534V3Z0_9DELT
pos_0719,Uniprot_doconno,1,113,tr|A0A534X3Y8|A0A534X3Y8_9DELT
pos_0720,Uniprot_doconno,1,147,tr|A0A539ECC8|A0A539ECC8_9GAMM
pos_0721,Uniprot_doconno,1,206,tr|A0A539ED50|A0A539ED50_9GAMM
pos_0722,Uniprot_doconno,1,190,tr|A0A539EF98|A0A539EF98_9GAMM
pos_0729,Uniprot_doconno,1,129,tr|A0A564ZKI4|A0A564ZKI4_9BACT
pos_0730,Uniprot_doconno,1,198,tr|A0A5B8N548|A0A5B8N548_9BURK
pos_0731,Uniprot_doconno,1,133,tr|A0A5B8N635|A0A5B8N635_9BURK
pos_0732,Uniprot_doconno,1,147,tr|A0A5B8N660|A0A5B8N660_9BURK
pos_0733,Uniprot_doconno,1,177,tr|A0A5B8N747|A0A5B8N747_9BURK
pos_0734,Uniprot_doconno,1,251,tr|A0A5C1M9J4|A0A5C1M9J4_9DELT
pos_0735,Uniprot_doconno,1,125,tr|A0A5C1MAK4|A0A5C1MAK4_9DELT
pos_0736,Uniprot_doconno,1,180,tr|A0A5C6TXJ7|A0A5C6TXJ7_9BURK
pos_0737,Uniprot_doconno,1,153,tr|A0A5C6U302|A0A5C6U302_9BURK
pos_0738,Uniprot_doconno,1,210,tr|A0A5C7JH72|A0A5C7JH72_9CHLR
pos_0739,Uniprot_doconno,1,124,tr|A0A5C7K0K4|A0A5C7K0K4_9CHLR
pos_0740,Uniprot_doconno,1,141,tr|A0A5C7K2I1|A0A5C7K2I1_9CHLR
pos_0741,Uniprot_doconno,1,187,tr|A0A5C7K3D9|A0A5C7K3D9_9CHLR
pos_0742,Uniprot_doconno,1,187,tr|A0A5C9BHQ9|A0A5C9BHQ9_9PROT
pos_0743,Uniprot_doconno,1,131,tr|A0A5C9BNB7|A0A5C9BNB7_9PROT
pos_0744,Uniprot_doconno,1,178,tr|A0A5C9BSJ4|A0A5C9BSJ4_9PROT
pos_0745,Uniprot_doconno,1,175,tr|A0A5C9BUS9|A0A5C9BUS9_9PROT
pos_0746,Uniprot_doconno,1,127,tr|A0A5D3WHU1|A0A5D3WHU1_9DELT
pos_0747,Uniprot_doconno,1,256,tr|A0A5D3WIS1|A0A5D3WIS1_9DELT
pos_0748,Uniprot_doconno,1,99,tr|A0A643GGR6|A0A643GGR6_9DELT
pos_0749,Uniprot_doconno,1,334,tr|A0A643GIN6|A0A643GIN6_9DELT
pos_0750,Uniprot_doconno,1,365,tr|A0A661BM43|A0A661BM43_9GAMM
pos_0751,Uniprot_doconno,1,121,tr|A0A661C856|A0A661C856_9GAMM
pos_0752,Uniprot_doconno,1,121,tr|A0A661C9P7|A0A661C9P7_9GAMM
pos_0753,Uniprot_doconno,1,191,tr|A0A661C9X8|A0A661C9X8_9GAMM
pos_0754,Uniprot_doconno,1,150,tr|A0A661FZ74|A0A661FZ74_9GAMM
pos_0755,Uniprot_doconno,1,343,tr|A0A661GG38|A0A661GG38_9GAMM
pos_0756,Uniprot_doconno,1,186,tr|A0A661GHN7|A0A661GHN7_9GAMM
pos_0757,Uniprot_doconno,1,115,tr|A0A661GHP1|A0A661GHP1_9GAMM
pos_0758,Uniprot_doconno,1,110,tr|A0A6A0IP31|A0A6A0IP31_9BACT
pos_0759,Uniprot_doconno,1,100,tr|A0A6F9WTQ1|A0A6F9WTQ1_9DELT
pos_0760,Uniprot_doconno,1,107,tr|A0A6G7LQS5|A0A6G7LQS5_9GAMM
pos_0761,Uniprot_doconno,1,134,tr|A0A6G7PWZ2|A0A6G7PWZ2_9BACT
pos_0762,Uniprot_doconno,1,126,tr|A0A6G7PWZ5|A0A6G7PWZ5_9BACT
pos_0763,Uniprot_doconno,1,149,tr|A0A6H1WUQ2|A0A6H1WUQ2_9BACT
pos_0764,Uniprot_doconno,1,103,tr|A0A6I1KFY2|A0A6I1KFY2_9DELT
pos_0765,Uniprot_doconno,1,104,tr|A0A6I1KG98|A0A6I1KG98_9DELT
pos_0766,Uniprot_doconno,1,168,tr|A0A6I1KIZ5|A0A6I1KIZ5_9DELT
pos_0767,Uniprot_doconno,1,115,tr|A0A6I1KLZ8|A0A6I1KLZ8_9DELT
pos_0768,Uniprot_doconno,1,103,tr|A0A6I7MZZ2|A0A6I7MZZ2_9GAMM
pos_0771,Uniprot_doconno,1,103,tr|A0A6N7APN5|A0A6N7APN5_9BACT
pos_0772,Uniprot_doconno,1,109,tr|A0A6N9R1B4|A0A6N9R1B4_9RHOO
pos_0773,Uniprot_doconno,1,166,tr|A0A6N9R3Q6|A0A6N9R3Q6_9RHOO
pos_0774,Uniprot_doconno,1,134,tr|A0A6N9TLP1|A0A6N9TLP1_9DELT
pos_0776,Uniprot_doconno,1,330,tr|A0A6S6M1K5|A0A6S6M1K5_9DELT
pos_0777,Uniprot_doconno,1,265,tr|A0A6S6M3P9|A0A6S6M3P9_9DELT
pos_0778,Uniprot_doconno,1,199,tr|A0A6S6XPC5|A0A6S6XPC5_9PROT
pos_0779,Uniprot_doconno,1,218,tr|A0A6S6YIY2|A0A6S6YIY2_9PROT
pos_0780,Uniprot_doconno,1,99,tr|A0A6V8MMB0|A0A6V8MMB0_9DELT
pos_0781,Uniprot_doconno,1,101,tr|A0A6V8MNU8|A0A6V8MNU8_9DELT
pos_0782,Uniprot_doconno,1,102,tr|A0A6V8MSY5|A0A6V8MSY5_9DELT
pos_0783,Uniprot_doconno,1,101,tr|A0A6V8N706|A0A6V8N706_9DELT
pos_0784,Uniprot_doconno,1,99,tr|A0A6V8N7R0|A0A6V8N7R0_9DELT
pos_0785,Uniprot_doconno,1,112,tr|A0A7C0VUW9|A0A7C0VUW9_9GAMM
pos_0786,Uniprot_doconno,1,106,tr|A0A7C0VV08|A0A7C0VV08_9GAMM
pos_0787,Uniprot_doconno,1,119,tr|A0A7C0YF48|A0A7C0YF48_9BACT
pos_0789,Uniprot_doconno,1,191,tr|A0A7C1GG25|A0A7C1GG25_9BACT
pos_0791,Uniprot_doconno,1,130,tr|A0A7C1NW39|A0A7C1NW39_9BACT
pos_0792,Uniprot_doconno,1,106,tr|A0A7C1PPR5|A0A7C1PPR5_9BACT
pos_0794,Uniprot_doconno,1,176,tr|A0A7C1RWP9|A0A7C1RWP9_9GAMM
pos_0796,Uniprot_doconno,1,131,tr|A0A7C1T3J9|A0A7C1T3J9_9BACT
pos_0797,Uniprot_doconno,1,185,tr|A0A7C1TFM8|A0A7C1TFM8_9GAMM
pos_0798,Uniprot_doconno,1,145,tr|A0A7C1TGM8|A0A7C1TGM8_9GAMM
pos_0799,Uniprot_doconno,1,190,tr|A0A7C1TWP4|A0A7C1TWP4_9GAMM
pos_0800,Uniprot_doconno,1,145,tr|A0A7C1TXA0|A0A7C1TXA0_9GAMM
pos_0801,Uniprot_doconno,1,233,tr|A0A7C1TXY1|A0A7C1TXY1_9GAMM
pos_0802,Uniprot_doconno,1,211,tr|A0A7C1TYU0|A0A7C1TYU0_9GAMM
pos_0803,Uniprot_doconno,1,197,tr|A0A7C1TZR4|A0A7C1TZR4_9GAMM
pos_0804,Uniprot_doconno,1,172,tr|A0A7C1U378|A0A7C1U378_9GAMM
pos_0805,Uniprot_doconno,1,126,tr|A0A7C1U4N2|A0A7C1U4N2_9GAMM
pos_0806,Uniprot_doconno,1,173,tr|A0A7C1U671|A0A7C1U671_9GAMM
pos_0807,Uniprot_doconno,1,225,tr|A0A7C1URI6|A0A7C1URI6_9GAMM
pos_0808,Uniprot_doconno,1,287,tr|A0A7C1UU90|A0A7C1UU90_9GAMM
pos_0809,Uniprot_doconno,1,133,tr|A0A7C1WDT2|A0A7C1WDT2_9GAMM
pos_0810,Uniprot_doconno,1,215,tr|A0A7C1WNH5|A0A7C1WNH5_9GAMM
pos_0811,Uniprot_doconno,1,124,tr|A0A7C1X8C9|A0A7C1X8C9_9GAMM
pos_0812,Uniprot_doconno,1,138,tr|A0A7C1Y3L3|A0A7C1Y3L3_9GAMM
pos_0813,Uniprot_doconno,1,124,tr|A0A7C1YGF5|A0A7C1YGF5_9GAMM
pos_0814,Uniprot_doconno,1,133,tr|A0A7C1YJ36|A0A7C1YJ36_9GAMM
pos_0815,Uniprot_doconno,1,212,tr|A0A7C1YJA9|A0A7C1YJA9_9GAMM
pos_0816,Uniprot_doconno,1,131,tr|A0A7C1YJL6|A0A7C1YJL6_9GAMM
pos_0817,Uniprot_doconno,1,286,tr|A0A7C1YNH2|A0A7C1YNH2_9GAMM
pos_0818,Uniprot_doconno,1,131,tr|A0A7C1ZEC1|A0A7C1ZEC1_9GAMM
pos_0819,Uniprot_doconno,1,119,tr|A0A7C2EEJ3|A0A7C2EEJ3_9BACT
pos_0820,Uniprot_doconno,1,101,tr|A0A7C2IEC4|A0A7C2IEC4_9BACT
pos_0821,Uniprot_doconno,1,112,tr|A0A7C2ILP2|A0A7C2ILP2_9BACT
pos_0822,Uniprot_doconno,1,74,tr|A0A7C2K8H6|A0A7C2K8H6_9BACT
pos_0823,Uniprot_doconno,1,125,tr|A0A7C2PPY8|A0A7C2PPY8_9BACT
pos_0824,Uniprot_doconno,1,174,tr|A0A7C2QF02|A0A7C2QF02_9BACT
pos_0825,Uniprot_doconno,1,99,tr|A0A7C2TMG6|A0A7C2TMG6_9DELT
pos_0826,Uniprot_doconno,1,63,tr|A0A7C3GHR3|A0A7C3GHR3_9BACT
pos_0827,Uniprot_doconno,1,137,tr|A0A7C3H114|A0A7C3H114_9GAMM
pos_0828,Uniprot_doconno,1,227,tr|A0A7C3HGF5|A0A7C3HGF5_9GAMM
pos_0829,Uniprot_doconno,1,104,tr|A0A7C3K2E1|A0A7C3K2E1_9DELT
pos_0830,Uniprot_doconno,1,189,tr|A0A7C3L711|A0A7C3L711_9DELT
pos_0831,Uniprot_doconno,1,153,tr|A0A7C3L9X3|A0A7C3L9X3_9DELT
pos_0832,Uniprot_doconno,1,265,tr|A0A7C3Q1X0|A0A7C3Q1X0_9BACT
pos_0833,Uniprot_doconno,1,130,tr|A0A7C3Q3W1|A0A7C3Q3W1_9BACT
pos_0834,Uniprot_doconno,1,190,tr|A0A7C3Q402|A0A7C3Q402_9BACT
pos_0835,Uniprot_doconno,1,91,tr|A0A7C3Q431|A0A7C3Q431_9BACT
pos_0836,Uniprot_doconno,1,131,tr|A0A7C4E642|A0A7C4E642_9PROT
pos_0837,Uniprot_doconno,1,178,tr|A0A7C4I4G2|A0A7C4I4G2_9PROT
pos_0838,Uniprot_doconno,1,98,tr|A0A7C4WTI9|A0A7C4WTI9_9DELT
pos_0839,Uniprot_doconno,1,112,tr|A0A7C5AX13|A0A7C5AX13_9BACT
pos_0840,Uniprot_doconno,1,119,tr|A0A7C5GNA2|A0A7C5GNA2_9DELT
pos_0841,Uniprot_doconno,1,209,tr|A0A7C5GQW4|A0A7C5GQW4_9DELT
pos_0842,Uniprot_doconno,1,224,tr|A0A7C5GSU7|A0A7C5GSU7_9DELT
pos_0843,Uniprot_doconno,1,114,tr|A0A7C5GZ36|A0A7C5GZ36_9DELT
pos_0844,Uniprot_doconno,1,110,tr|A0A7C5I930|A0A7C5I930_9BACT
pos_0845,Uniprot_doconno,1,196,tr|A0A7C5J9I4|A0A7C5J9I4_9GAMM
pos_0846,Uniprot_doconno,1,81,tr|A0A7C5JBA8|A0A7C5JBA8_9GAMM
pos_0847,Uniprot_doconno,1,207,tr|A0A7C5JDV3|A0A7C5JDV3_9GAMM
pos_0848,Uniprot_doconno,1,123,tr|A0A7C5N809|A0A7C5N809_9GAMM
pos_0849,Uniprot_doconno,1,82,tr|A0A7C5N9J3|A0A7C5N9J3_9GAMM
pos_0850,Uniprot_doconno,1,220,tr|A0A7C5RA10|A0A7C5RA10_9BACT
pos_0851,Uniprot_doconno,1,125,tr|A0A7C5TAR0|A0A7C5TAR0_9BACT
pos_0852,Uniprot_doconno,1,175,tr|A0A7C5WAP6|A0A7C5WAP6_9BACT
pos_0853,Uniprot_doconno,1,228,tr|A0A7C6AY61|A0A7C6AY61_9GAMM
pos_0854,Uniprot_doconno,1,116,tr|A0A7C6B2P8|A0A7C6B2P8_9BACT
pos_0855,Uniprot_doconno,1,80,tr|A0A7C6B635|A0A7C6B635_9DELT
pos_0856,Uniprot_doconno,1,123,tr|A0A7C7S2V6|A0A7C7S2V6_9BACT
pos_0857,Uniprot_doconno,1,209,tr|A0A7C7S9H1|A0A7C7S9H1_9BACT
pos_0858,Uniprot_doconno,1,102,tr|A0A7C8A8H4|A0A7C8A8H4_9BACT
pos_0859,Uniprot_doconno,1,106,tr|A0A7C8AXR2|A0A7C8AXR2_DESBX
pos_0860,Uniprot_doconno,1,131,tr|A0A7C8AZ45|A0A7C8AZ45_9DELT
pos_0861,Uniprot_doconno,1,341,tr|A0A7C8ESM6|A0A7C8ESM6_DESBX
pos_0862,Uniprot_doconno,1,104,tr|A0A7C8EYP5|A0A7C8EYP5_DESBX
pos_0863,Uniprot_doconno,1,329,tr|A0A7C8F3E7|A0A7C8F3E7_DESBX
pos_0864,Uniprot_doconno,1,340,tr|A0A7C8F634|A0A7C8F634_DESBX
pos_0865,Uniprot_doconno,1,136,tr|A0A7C9J8K5|A0A7C9J8K5_9BACT
pos_0866,Uniprot_doconno,1,107,tr|A0A7G1GY76|A0A7G1GY76_9BACT
pos_0867,Uniprot_doconno,1,102,tr|A0A7G1H0G3|A0A7G1H0G3_9BACT
pos_0868,Uniprot_doconno,1,116,tr|A0A7I9VPB2|A0A7I9VPB2_9DELT
pos_0869,Uniprot_doconno,1,334,tr|A0A7J4ZR54|A0A7J4ZR54_9DELT
pos_0870,Uniprot_doconno,1,99,tr|A0A7J4ZRC6|A0A7J4ZRC6_9DELT
pos_0873,Uniprot_doconno,1,169,tr|A0A7V0KQB2|A0A7V0KQB2_9GAMM
pos_0874,Uniprot_doconno,1,88,tr|A0A7V0KQD9|A0A7V0KQD9_9GAMM
pos_0875,Uniprot_doconno,1,130,tr|A0A7V0KSC4|A0A7V0KSC4_9GAMM
pos_0876,Uniprot_doconno,1,163,tr|A0A7V1D5K2|A0A7V1D5K2_9GAMM
pos_0877,Uniprot_doconno,1,125,tr|A0A7V2M8Y3|A0A7V2M8Y3_9PROT
pos_0878,Uniprot_doconno,1,241,tr|A0A7V2NM35|A0A7V2NM35_9GAMM
pos_0879,Uniprot_doconno,1,123,tr|A0A7V2NMC8|A0A7V2NMC8_9GAMM
pos_0880,Uniprot_doconno,1,107,tr|A0A7V2TXP2|A0A7V2TXP2_9DELT
pos_0881,Uniprot_doconno,1,249,tr|A0A7V2WT13|A0A7V2WT13_9DELT
pos_0882,Uniprot_doconno,1,105,tr|A0A7V2X8J8|A0A7V2X8J8_9DELT
pos_0883,Uniprot_doconno,1,101,tr|A0A7V2Y9T6|A0A7V2Y9T6_9DELT
pos_0884,Uniprot_doconno,1,118,tr|A0A7V2YD63|A0A7V2YD63_9DELT
pos_0885,Uniprot_doconno,1,171,tr|A0A7V3H4B6|A0A7V3H4B6_9BACT
pos_0886,Uniprot_doconno,1,106,tr|A0A7V3H6G1|A0A7V3H6G1_9BACT
pos_0887,Uniprot_doconno,1,107,tr|A0A7V3KZ04|A0A7V3KZ04_9DELT
pos_0888,Uniprot_doconno,1,105,tr|A0A7V3SPY4|A0A7V3SPY4_9BACT
pos_0889,Uniprot_doconno,1,116,tr|A0A7V4A8L1|A0A7V4A8L1_9BACT
pos_0890,Uniprot_doconno,1,126,tr|A0A7V4EA20|A0A7V4EA20_9BACT
pos_0891,Uniprot_doconno,1,108,tr|A0A7V4L8S5|A0A7V4L8S5_9DELT
pos_0892,Uniprot_doconno,1,104,tr|A0A7V4ZN86|A0A7V4ZN86_9DELT
pos_0893,Uniprot_doconno,1,114,tr|A0A7V5RB43|A0A7V5RB43_9DELT
pos_0894,Uniprot_doconno,1,113,tr|A0A7V5RB87|A0A7V5RB87_9DELT
pos_0895,Uniprot_doconno,1,236,tr|A0A7V5RBU4|A0A7V5RBU4_9DELT
pos_0896,Uniprot_doconno,1,130,tr|A0A7V5U383|A0A7V5U383_9BACT
pos_0897,Uniprot_doconno,1,270,tr|A0A7V5V8B4|A0A7V5V8B4_9DELT
pos_0898,Uniprot_doconno,1,107,tr|A0A7V5YT23|A0A7V5YT23_9BACT
pos_0899,Uniprot_doconno,1,142,tr|A0A7V7K0Z3|A0A7V7K0Z3_9DELT
pos_0900,Uniprot_doconno,1,125,tr|A0A7V8DIS1|A0A7V8DIS1_9BACT
pos_0901,Uniprot_doconno,1,116,tr|A0A7W0FC63|A0A7W0FC63_9BACT
pos_0903,Uniprot_doconno,1,126,tr|A0A7X6DGV0|A0A7X6DGV0_9BURK
pos_0904,Uniprot_doconno,1,268,tr|A0A7X6I5S8|A0A7X6I5S8_9BURK
pos_0905,Uniprot_doconno,1,202,tr|A0A7X6I6Z4|A0A7X6I6Z4_9BURK
pos_0906,Uniprot_doconno,1,124,tr|A0A7X6I785|A0A7X6I785_9BURK
pos_0907,Uniprot_doconno,1,123,tr|A0A7X6IAL2|A0A7X6IAL2_9BACT
pos_0908,Uniprot_doconno,1,225,tr|A0A7X6IAL4|A0A7X6IAL4_9BACT
pos_0909,Uniprot_doconno,1,136,tr|A0A7X7WR32|A0A7X7WR32_9BACT
pos_0910,Uniprot_doconno,1,101,tr|A0A7X7WVV1|A0A7X7WVV1_9BACT
pos_0911,Uniprot_doconno,1,150,tr|A0A7X9PH37|A0A7X9PH37_9DELT
pos_0912,Uniprot_doconno,1,149,tr|A0A7Y0BU88|A0A7Y0BU88_9BURK
pos_0913,Uniprot_doconno,1,231,tr|A0A7Y0GBN0|A0A7Y0GBN0_9BURK
pos_0914,Uniprot_doconno,1,177,tr|A0A7Y0GCY8|A0A7Y0GCY8_9BURK
pos_0915,Uniprot_doconno,1,144,tr|A0A7Y0GDH7|A0A7Y0GDH7_9BURK
pos_0916,Uniprot_doconno,1,132,tr|A0A7Y3AJK3|A0A7Y3AJK3_9DELT
pos_0917,Uniprot_doconno,1,113,tr|A0A7Y4K1D0|A0A7Y4K1D0_9DELT
pos_0918,Uniprot_doconno,1,113,tr|A0A7Y4KNQ3|A0A7Y4KNQ3_9DELT
pos_0919,Uniprot_doconno,1,109,tr|A0A7Y4N2Q9|A0A7Y4N2Q9_CORCK
pos_0920,Uniprot_doconno,1,125,tr|A0A7Y5LQY7|A0A7Y5LQY7_9DELT
pos_0921,Uniprot_doconno,1,341,tr|A0A7Y7N9Q6|A0A7Y7N9Q6_DESBX
pos_0922,Uniprot_doconno,1,479,tr|A0A7Y7NE40|A0A7Y7NE40_DESBX
pos_0923,Uniprot_doconno,1,338,tr|A0A7Y7NMP7|A0A7Y7NMP7_9DELT
pos_0924,Uniprot_doconno,1,254,tr|A0A7Y7NNW9|A0A7Y7NNW9_9DELT
pos_0925,Uniprot_doconno,1,264,tr|A0A7Y7TGL0|A0A7Y7TGL0_DESBX
pos_0926,Uniprot_doconno,1,713,tr|A0A7Y7TN88|A0A7Y7TN88_9DELT
pos_0927,Uniprot_doconno,1,102,tr|A0A7Y7TPB0|A0A7Y7TPB0_9DELT
pos_0928,Uniprot_doconno,1,105,tr|A0A7Y8HBM0|A0A7Y8HBM0_9DELT
pos_0929,Uniprot_doconno,1,107,tr|A0A7Y8HE63|A0A7Y8HE63_9DELT
pos_0930,Uniprot_doconno,1,120,tr|A0A7Y8HVW9|A0A7Y8HVW9_9BACT
pos_0931,Uniprot_doconno,1,103,tr|A0A7Y8IE09|A0A7Y8IE09_9DELT
pos_0932,Uniprot_doconno,1,214,tr|A0A7Z0VMP0|A0A7Z0VMP0_9GAMM
pos_0933,Uniprot_doconno,1,112,tr|A0A7Z0VMU2|A0A7Z0VMU2_9GAMM
pos_0934,Uniprot_doconno,1,273,tr|A0A831SZW2|A0A831SZW2_9BACT
pos_0935,Uniprot_doconno,1,103,tr|A0A831XLE4|A0A831XLE4_GEOME
pos_0936,Uniprot_doconno,1,251,tr|A0A831Y434|A0A831Y434_9BACT
pos_0937,Uniprot_doconno,1,140,tr|A0A832N5Q6|A0A832N5Q6_9GAMM
pos_0938,Uniprot_doconno,1,141,tr|A0A840V7L3|A0A840V7L3_9DELT
pos_0939,Uniprot_doconno,1,206,tr|A0A847LDQ7|A0A847LDQ7_9BACT
pos_0940,Uniprot_doconno,1,187,tr|A0A849KBT1|A0A849KBT1_9BURK
pos_0941,Uniprot_doconno,1,128,tr|A0A849KG83|A0A849KG83_9BURK
pos_0942,Uniprot_doconno,1,149,tr|A0A849KQ29|A0A849KQ29_9BURK
pos_0943,Uniprot_doconno,1,199,tr|A0A849KTY9|A0A849KTY9_9BURK
pos_0944,Uniprot_doconno,1,211,tr|A0A8G1E7X7|A0A8G1E7X7_9GAMM
pos_0945,Uniprot_doconno,1,112,tr|A0A8G1E983|A0A8G1E983_9GAMM
pos_0946,Uniprot_doconno,1,151,tr|A0A8I0SRA9|A0A8I0SRA9_9PROT
pos_0947,Uniprot_doconno,1,200,tr|A0A8I0VH06|A0A8I0VH06_9PROT
pos_0948,Uniprot_doconno,1,135,tr|A0A8I0VK57|A0A8I0VK57_9PROT
pos_0950,Uniprot_doconno,1,479,tr|A1APC0|A1APC0_PELPD
pos_0951,Uniprot_doconno,1,106,tr|A5G9W3|A5G9W3_GEOUR
pos_0953,Uniprot_doconno,1,113,tr|A7HBB0|A7HBB0_ANADF
pos_0954,Uniprot_doconno,1,130,tr|B1XXQ9|B1XXQ9_LEPCP
pos_0955,Uniprot_doconno,1,160,tr|B1XXR4|B1XXR4_LEPCP
pos_0958,Uniprot_doconno,1,112,tr|B4UAK6|B4UAK6_ANASK
pos_0959,Uniprot_doconno,1,112,tr|B8J7B1|B8J7B1_ANAD2
pos_0960,Uniprot_doconno,1,117,tr|B9LZD9|B9LZD9_GEODF
pos_0962,Uniprot_doconno,1,265,tr|B9M155|B9M155_GEODF
pos_0963,Uniprot_doconno,1,251,tr|B9M156|B9M156_GEODF
pos_0964,Uniprot_doconno,1,269,tr|B9M7F4|B9M7F4_GEODF
pos_0965,Uniprot_doconno,1,102,tr|C6E0W3|C6E0W3_GEOSM
pos_0966,Uniprot_doconno,1,124,tr|D5MLL9|D5MLL9_9BACT
pos_0967,Uniprot_doconno,1,102,tr|D6Z6J9|D6Z6J9_DESAT
pos_0970,Uniprot_doconno,1,264,tr|E8WJ12|E8WJ12_GEOS8
pos_0971,Uniprot_doconno,1,102,tr|E8WN98|E8WN98_GEOS8
pos_0972,Uniprot_doconno,1,102,tr|E8WP81|E8WP81_GEOS8
pos_0973,Uniprot_doconno,1,113,tr|F0S3D1|F0S3D1_DESTD
pos_0975,Uniprot_doconno,1,217,tr|H0Q0Y5|H0Q0Y5_9RHOO
pos_0976,Uniprot_doconno,1,140,tr|H0Q2N5|H0Q2N5_9RHOO
pos_0977,Uniprot_doconno,1,133,tr|H0Q2P3|H0Q2P3_9RHOO
pos_0978,Uniprot_doconno,1,200,tr|H0Q2P4|H0Q2P4_9RHOO
pos_0979,Uniprot_doconno,1,162,tr|H5WSN5|H5WSN5_9BURK
pos_0980,Uniprot_doconno,1,195,tr|H5WSN9|H5WSN9_9BURK
pos_0981,Uniprot_doconno,1,124,tr|H5WSP0|H5WSP0_9BURK
pos_0982,Uniprot_doconno,1,104,tr|L0DWQ3|L0DWQ3_THIND
pos_0983,Uniprot_doconno,1,314,tr|M1P7W2|M1P7W2_DESSD
pos_0984,Uniprot_doconno,1,133,tr|M1PJI4|M1PJI4_DESSD
pos_0985,Uniprot_doconno,1,113,tr|Q01NA3|Q01NA3_SOLUE
pos_0986,Uniprot_doconno,1,107,tr|Q1K1V5|Q1K1V5_DESA6
pos_0987,Uniprot_doconno,1,112,tr|Q2IJE3|Q2IJE3_ANADE
pos_0988,Uniprot_doconno,1,104,tr|Q74AE4|Q74AE4_GEOSL
pos_0991,Uniprot_doconno,1,124,tr|Q74D22|Q74D22_GEOSL
pos_0992,Uniprot_doconno,1,90,tr|Q74D23|Q74D23_GEOSL
pos_0994,Uniprot_doconno,1,671,tr|Q8EG34|Q8EG34_SHEON
pos_0995,Uniprot_doconno,1,91,tr|Q8GGK7|Q8GGK7_GEOSN
pos_0996,Uniprot_doconno,1,141,tr|V4J1T5|V4J1T5_9DELT
pos_0997,Uniprot_doconno,1,104,tr|W0DIK0|W0DIK0_9GAMM
neg_0000,Negative,0,1083,sp|A0QS29|RECB_MYCS2
neg_0001,Negative,0,1000,sp|D4A2Z8|DHX36_RAT
neg_0002,Negative,0,931,sp|D9X0I3|ACNA_STRVT
neg_0003,Negative,0,416,sp|O04523|TBL27_ARATH
neg_0004,Negative,0,521,sp|O08795|GLU2B_MOUSE
neg_0005,Negative,0,350,sp|O14129|RAD55_SCHPO
neg_0006,Negative,0,384,sp|O15315|RA51B_HUMAN
neg_0007,Negative,0,798,sp|O34481|RECD2_BACSU
neg_0008,Negative,0,350,sp|O35719|RA51B_MOUSE
neg_0009,Negative,0,332,sp|O42634|DMC1_SCHPO
neg_0010,Negative,0,376,sp|O43502|RA51C_HUMAN
neg_0011,Negative,0,346,sp|O43542|XRCC3_HUMAN
neg_0012,Negative,0,280,sp|O43543|XRCC2_HUMAN
neg_0013,Negative,0,352,sp|O53605|DARG_MYCTU
neg_0014,Negative,0,329,sp|O55230|RA51D_MOUSE
neg_0015,Negative,0,393,sp|O60870|KIN17_HUMAN
neg_0016,Negative,0,720,sp|O73946|HELS_PYRFU
neg_0017,Negative,0,328,sp|O75771|RA51D_HUMAN
neg_0018,Negative,0,339,sp|O77507|RAD51_RABIT
neg_0019,Negative,0,422,sp|P04152|UMUC_ECOLI
neg_0020,Negative,0,608,sp|P04993|RECD_ECOLI
neg_0021,Negative,0,456,sp|P04994|EX7L_ECOLI
neg_0022,Negative,0,1122,sp|P07648|RECC_ECOLI
neg_0023,Negative,0,1180,sp|P08394|RECB_ECOLI
neg_0024,Negative,0,202,sp|P0A7C2|LEXA_ECOLI
neg_0025,Negative,0,353,sp|P0A7G6|RECA_ECOLI
neg_0026,Negative,0,203,sp|P0A809|RUVA_ECOLI
neg_0027,Negative,0,336,sp|P0A812|RUVB_ECOLI
neg_0028,Negative,0,173,sp|P0A814|RUVC_ECOLI
neg_0029,Negative,0,447,sp|P0AAZ4|RARA_ECOLI
neg_0030,Negative,0,111,sp|P0AE70|MAZF_ECOLI
neg_0031,Negative,0,139,sp|P0AG11|UMUD_ECOLI
neg_0032,Negative,0,178,sp|P0AGE0|SSB_ECOLI
neg_0033,Negative,0,222,sp|P0DV56|DART_THEA5
neg_0034,Negative,0,1038,sp|P10486|T1R1_ECOLX
neg_0035,Negative,0,609,sp|P15043|RECQ_ECOLI
neg_0036,Negative,0,420,sp|P16387|ODPA_YEAST
neg_0037,Negative,0,348,sp|P16971|RECA_BACSU
neg_0038,Negative,0,732,sp|P17888|PRIA_ECOLI
neg_0039,Negative,0,459,sp|P23128|DDX6_DROME
neg_0040,Negative,0,615,sp|P23367|MUTL_ECOLI
neg_0041,Negative,0,1166,sp|P23477|ADDB_BACSU
neg_0042,Negative,0,1232,sp|P23478|ADDA_BACSU
neg_0043,Negative,0,693,sp|P24230|RECG_ECOLI
neg_0044,Negative,0,460,sp|P24554|RADA_ECOLI
neg_0045,Negative,0,460,sp|P25301|RAD57_YEAST
neg_0046,Negative,0,334,sp|P25453|DMC1_YEAST
neg_0047,Negative,0,400,sp|P25454|RAD51_YEAST
neg_0048,Negative,0,483,sp|P26196|DDX6_HUMAN
neg_0049,Negative,0,205,sp|P31080|LEXA_BACSU
neg_0050,Negative,0,292,sp|P31667|RPNA_ECOLI
neg_0051,Negative,0,1030,sp|P33760|PEX6_YEAST
neg_0052,Negative,0,586,sp|P33919|RADD_ECOLI
neg_0053,Negative,0,365,sp|P36601|RAD51_SCHPO
neg_0054,Negative,0,339,sp|P37383|RAD51_CHICK
neg_0055,Negative,0,172,sp|P37455|SSBA_BACSU
neg_0056,Negative,0,309,sp|P38874|ELP5_YEAST
neg_0057,Negative,0,406,sp|P38953|RAD55_YEAST
neg_0058,Negative,0,206,sp|P39792|RECU_BACSU
neg_0059,Negative,0,273,sp|P42371|FPG_LACLC
neg_0060,Negative,0,347,sp|P42445|RECA_HELPY
neg_0061,Negative,0,390,sp|P42641|OBG_ECOLI
neg_0062,Negative,0,788,sp|P42935|ELP2_YEAST
neg_0063,Negative,0,635,sp|P43672|UUP_ECOLI
neg_0064,Negative,0,978,sp|P54777|PEX6_RAT
neg_0065,Negative,0,483,sp|P54823|DDX6_MOUSE
neg_0066,Negative,0,72,sp|P62552|CCDA_ECOLI
neg_0067,Negative,0,101,sp|P62554|CCDB_ECOLI
neg_0068,Negative,0,339,sp|P70099|RAD51_CRIGR
neg_0069,Negative,0,203,sp|P73722|LEXA_SYNY3
neg_0070,Negative,0,342,sp|P94102|RAD51_ARATH
neg_0071,Negative,0,790,sp|P9WHJ3|RECA_MYCTU
neg_0072,Negative,0,740,sp|P9WIE5|KATG_MYCTU
neg_0073,Negative,0,112,sp|P9WMH7|CLGR_MYCTU
neg_0074,Negative,0,771,sp|P9WMQ1|UVRD1_MYCTU
neg_0075,Negative,0,1094,sp|P9WMQ3|RECB_MYCTU
neg_0076,Negative,0,737,sp|P9WMQ7|RECG_MYCTU
neg_0077,Negative,0,972,sp|P9WQK7|UVRA_MYCTU
neg_0078,Negative,0,456,sp|Q02884|ELP4_YEAST
neg_0079,Negative,0,557,sp|Q02908|ELP3_YEAST
neg_0080,Negative,0,273,sp|Q04868|ELP6_YEAST
neg_0081,Negative,0,1010,sp|Q05B79|DHX36_BOVIN
neg_0082,Negative,0,339,sp|Q06609|RAD51_HUMAN
neg_0083,Negative,0,1349,sp|Q06706|ELP1_YEAST
neg_0084,Negative,0,339,sp|Q08297|RAD51_MOUSE
neg_0085,Negative,0,980,sp|Q13608|PEX6_HUMAN
neg_0086,Negative,0,340,sp|Q14565|DMC1_HUMAN
neg_0087,Negative,0,336,sp|Q27297|RAD51_DROME
neg_0088,Negative,0,339,sp|Q2KJ94|RAD51_BOVIN
neg_0089,Negative,0,344,sp|Q39009|DMC1_ARATH
neg_0090,Negative,0,340,sp|Q61880|DMC1_MOUSE
neg_0091,Negative,0,1299,sp|Q6Y7W6|GGYF2_HUMAN
neg_0092,Negative,0,1291,sp|Q6Y7W8|GGYF2_MOUSE
neg_0093,Negative,0,344,sp|Q7GBF8|DMC1A_ORYSJ
neg_0094,Negative,0,1574,sp|Q7KQM6|GGYF1_DROME
neg_0095,Negative,0,944,sp|Q8BHN3|GANAB_MOUSE
neg_0096,Negative,0,230,sp|Q8GYD2|MND1_ARATH
neg_0097,Negative,0,391,sp|Q8K339|KIN17_MOUSE
neg_0098,Negative,0,339,sp|Q8MKI8|RAD51_CANLF
neg_0099,Negative,0,366,sp|Q8R2J9|RA51C_CRIGR
neg_0100,Negative,0,1001,sp|Q8VHK9|DHX36_MOUSE
neg_0101,Negative,0,366,sp|Q924H5|RA51C_MOUSE
neg_0102,Negative,0,2054,sp|Q92614|MY18A_HUMAN
neg_0103,Negative,0,500,sp|Q97WG8|HERA_SACS2
neg_0104,Negative,0,339,sp|Q99133|RAD51_USTMA
neg_0105,Negative,0,278,sp|Q9CX47|XRCC2_MOUSE
neg_0106,Negative,0,145,sp|Q9FGX2|BZIP1_ARATH
neg_0107,Negative,0,1008,sp|Q9H2U1|DHX36_HUMAN
neg_0108,Negative,0,280,sp|Q9LXV2|MYB46_ARATH
neg_0109,Negative,0,188,sp|Q9RY80|DDRB_DEIRA
neg_0110,Negative,0,231,sp|Q9RYE6|DDRC_DEIRA
neg_0111,Negative,0,980,sp|A0A061IR73|PEX6_CRIGR
neg_0112,Negative,0,554,sp|A0QS28|RECD_MYCS2
neg_0113,Negative,0,243,sp|A0QVY5|LEXA_MYCS2
neg_0114,Negative,0,466,sp|A0R563|RADA_MYCS2
neg_0115,Negative,0,226,sp|B3VSG7|XY11A_BOTFB
neg_0117,Negative,0,344,sp|B8BM09|DMC1A_ORYSI
neg_0118,Negative,0,113,sp|C0SPB6|SSBB_BACSU
neg_0119,Negative,0,1166,sp|C4QXI8|PEX6_KOMPG
neg_0120,Negative,0,1183,sp|G1X4S3|PEX6_ARTOA
neg_0121,Negative,0,759,sp|O31626|YJCD_BACSU
neg_0122,Negative,0,786,sp|O32044|RECJ_BACSU
neg_0123,Negative,0,1169,sp|O51578|RECB_BORBU
neg_0124,Negative,0,363,sp|O74331|RLP1_SCHPO
neg_0125,Negative,0,1026,sp|O84645|RECB_CHLTR
neg_0126,Negative,0,232,sp|O86404|OTC_NEIPE
neg_0127,Negative,0,376,sp|P02576|ACTA_PHYPO
neg_0128,Negative,0,370,sp|P05651|RECF_BACSU
neg_0129,Negative,0,388,sp|P0A452|RECA_STRR6
neg_0130,Negative,0,316,sp|P0AAC0|USPE_ECOLI
neg_0131,Negative,0,144,sp|P0AED0|USPA_ECOLI
neg_0132,Negative,0,217,sp|P0DN68|LEXA_FIBSS
neg_0133,Negative,0,576,sp|P17894|RECN_BACSU
neg_0134,Negative,0,222,sp|P32489|MEI5_YEAST
neg_0135,Negative,0,1165,sp|P33289|PEX6_PICPA
neg_0136,Negative,0,245,sp|P34348|RFS1_CAEEL
neg_0137,Negative,0,827,sp|P37475|SP2E_BACSU
neg_0138,Negative,0,338,sp|P37562|PKN1_BACSU
neg_0139,Negative,0,458,sp|P37572|RADA_BACSU
neg_0140,Negative,0,512,sp|P39000|SHC1_YEAST
neg_0141,Negative,0,463,sp|P39145|COMFA_BACSU
neg_0142,Negative,0,297,sp|P39813|DPRA_BACSU
neg_0143,Negative,0,363,sp|P42443|RECA_DEIRA
neg_0144,Negative,0,1211,sp|P45157|RECB_HAEIN
neg_0145,Negative,0,700,sp|P50620|RIR1_BACSU
neg_0146,Negative,0,956,sp|P52027|DPO1_DEIRA
neg_0147,Negative,0,1174,sp|P57529|RECB_BUCAI
neg_0148,Negative,0,202,sp|P59479|LEXA2_PSEPK
neg_0149,Negative,0,213,sp|P60511|LEXA2_XANAC
neg_0150,Negative,0,353,sp|P65977|RECA_SALTY
neg_0151,Negative,0,127,sp|P68066|GRCA_ECOLI
neg_0152,Negative,0,91,sp|P89114|SAE3_YEAST
neg_0153,Negative,0,575,sp|P9WHJ0|RECD_MYCTO
neg_0155,Negative,0,236,sp|P9WHR7|LEXA_MYCTU
neg_0158,Negative,0,262,sp|Q01322|OTC_NEICI
neg_0159,Negative,0,262,sp|Q01324|OTC_NEILA
neg_0160,Negative,0,262,sp|Q01326|OTC_NEIMU
neg_0161,Negative,0,347,sp|Q07809|RECA_STUST
neg_0162,Negative,0,341,sp|Q08DH8|XRCC3_BOVIN
neg_0163,Negative,0,222,sp|Q1D406|LEXA_MYXXD
neg_0164,Negative,0,326,sp|Q2HJ51|RA51D_BOVIN
neg_0165,Negative,0,361,sp|Q2YRU7|RECA_BRUA2
neg_0166,Negative,0,361,sp|Q57396|RUVB_SYNY3
neg_0167,Negative,0,349,sp|Q59560|RECA_MYCS2
neg_0168,Negative,0,340,sp|Q67EU8|R51A1_MAIZE
neg_0169,Negative,0,344,sp|Q7GBF7|DMC1B_ORYSJ
neg_0170,Negative,0,1180,sp|Q89AB3|RECB_BUCBP
neg_0171,Negative,0,282,sp|Q8DPI7|DPRA_STRR6
neg_0172,Negative,0,363,sp|Q8GXF0|RA51C_ARATH
neg_0173,Negative,0,1179,sp|Q8K9A9|RECB_BUCAP
neg_0174,Negative,0,201,sp|Q8PN77|LEXA1_XANAC
neg_0175,Negative,0,941,sp|Q8RY16|PEX6_ARATH
neg_0176,Negative,0,336,sp|Q91917|RA51B_XENLA
neg_0177,Negative,0,336,sp|Q91918|RA51A_XENLA
neg_0178,Negative,0,981,sp|Q99LC9|PEX6_MOUSE
neg_0179,Negative,0,349,sp|Q9CXE6|XRCC3_MOUSE
neg_0180,Negative,0,304,sp|Q9FKM5|XRCC3_ARATH
neg_0181,Negative,0,414,sp|Q9LRS2|TBL22_ARATH
neg_0182,Negative,0,211,sp|Q9PH24|LEXA_XYLFA
neg_0183,Negative,0,1026,sp|Q9PLT8|RECB_CHLMU
neg_0184,Negative,0,232,sp|Q9R3D1|OTC_NEIEL
neg_0185,Negative,0,503,sp|Q9RVC4|RADA_DEIRA
neg_0186,Negative,0,208,sp|Q9RX92|DDRA_DEIRA
neg_0187,Negative,0,301,sp|Q9RY51|SSB_DEIRA
neg_0188,Negative,0,354,sp|Q9UUL2|RAD57_SCHPO
neg_0189,Negative,0,340,sp|Q9XED7|R51A2_MAIZE
neg_0190,Negative,0,1050,sp|Q9Z7G7|RECB_CHLPN
neg_0191,Negative,0,228,sp|Q9ZFA4|LEXA_CERS4
neg_0192,Negative,0,411,sp|Q9ZVU5|KIN17_ARATH
neg_0194,Negative,0,204,sp|A0AIA3|LEXA_LISW6
neg_0195,Negative,0,348,sp|A0AIK0|RECA_LISW6
neg_0196,Negative,0,351,sp|A0JUY4|RECA_ARTS2
neg_0197,Negative,0,249,sp|A0JUZ2|LEXA_ARTS2
neg_0198,Negative,0,215,sp|A0K775|LEXA_BURCH
neg_0199,Negative,0,354,sp|A0KPG3|RECA_AERHH
neg_0200,Negative,0,357,sp|A0KU92|RECA_SHESA
neg_0201,Negative,0,206,sp|A0L2D8|LEXA_SHESA
neg_0202,Negative,0,231,sp|A0L9E2|LEXA_MAGMM
neg_0203,Negative,0,206,sp|A0LGS1|LEXA_SYNFM
neg_0204,Negative,0,343,sp|A0LLA4|RECA_SYNFM
neg_0205,Negative,0,275,sp|A0LUZ1|LEXA_ACIC1
neg_0206,Negative,0,345,sp|A0LV04|RECA_ACIC1
neg_0207,Negative,0,244,sp|A0PT76|LEXA_MYCUA
neg_0208,Negative,0,346,sp|A0PT89|RECA_MYCUA
neg_0209,Negative,0,204,sp|A0Q0N2|LEXA_CLONN
neg_0210,Negative,0,350,sp|A0Q0P4|RECA_CLONN
neg_0211,Negative,0,359,sp|A0Q468|RECA_FRATN
neg_0212,Negative,0,232,sp|A0QIQ3|LEXA_MYCA1
neg_0213,Negative,0,350,sp|A0QIR6|RECA_MYCA1
neg_0214,Negative,0,1085,sp|A0QS30|RECC_MYCS2
neg_0215,Negative,0,206,sp|A0RH75|LEXA_BACAH
neg_0216,Negative,0,345,sp|A0RMH3|RECA_CAMFF
neg_0217,Negative,0,257,sp|A1A2G3|LEXA_BIFAA
neg_0219,Negative,0,232,sp|A1B3Z0|LEXA_PARDP
neg_0220,Negative,0,354,sp|A1JK01|RECA_YERE8
neg_0221,Negative,0,202,sp|A1JRT9|LEXA_YERE8
neg_0222,Negative,0,344,sp|A1K2R9|RECA_AZOSB
neg_0223,Negative,0,202,sp|A1K776|LEXA_AZOSB
neg_0224,Negative,0,236,sp|A1KM58|LEXA_MYCBP
neg_0225,Negative,0,363,sp|A1QYT1|RECA_BORT9
neg_0226,Negative,0,347,sp|A1R548|RECA_PAEAT
neg_0227,Negative,0,247,sp|A1R556|LEXA_PAEAT
neg_0228,Negative,0,206,sp|A1RE93|LEXA_SHESW
neg_0229,Negative,0,357,sp|A1RHG3|RECA_SHESW
neg_0230,Negative,0,355,sp|A1S4E7|RECA_SHEAM
neg_0231,Negative,0,207,sp|A1SBC7|LEXA_SHEAM
neg_0232,Negative,0,350,sp|A1SJ61|RECA_NOCSJ
neg_0233,Negative,0,246,sp|A1SND2|LEXA_NOCSJ
neg_0234,Negative,0,209,sp|A1SR67|LEXA_PSYIN
neg_0235,Negative,0,350,sp|A1T7T3|RECA_MYCVP
neg_0236,Negative,0,232,sp|A1T7V4|LEXA_MYCVP
neg_0237,Negative,0,224,sp|A1TQ93|LEXA_PARC0
neg_0238,Negative,0,202,sp|A1U269|LEXA_MARN8
neg_0239,Negative,0,347,sp|A1U2E3|RECA_MARN8
neg_0240,Negative,0,230,sp|A1UF04|LEXA_MYCSK
neg_0241,Negative,0,347,sp|A1USS3|RECA_BARBK
neg_0242,Negative,0,215,sp|A1V472|LEXA_BURMS
neg_0243,Negative,0,234,sp|A1VNK0|LEXA_POLNA
neg_0244,Negative,0,384,sp|A1VUC3|RECA_POLNA
neg_0245,Negative,0,414,sp|A1W1S4|ENO_CAMJJ
neg_0246,Negative,0,343,sp|A1W1S5|RECA_CAMJJ
neg_0247,Negative,0,224,sp|A1W897|LEXA_ACISJ
neg_0248,Negative,0,224,sp|A1WSJ3|LEXA_VEREI
neg_0249,Negative,0,354,sp|A1WXK7|RECA_HALHL
neg_0250,Negative,0,226,sp|A1WXU3|LEXA_HALHL
neg_0251,Negative,0,365,sp|A2BTE1|RECA_PROMS
neg_0252,Negative,0,370,sp|A2BYU0|RECA_PROM5
neg_0253,Negative,0,377,sp|A2C503|RECA_PROM1
neg_0254,Negative,0,379,sp|A2CC22|RECA_PROM3
neg_0255,Negative,0,387,sp|A2RI85|RECA_LACLM
neg_0257,Negative,0,357,sp|A2SBU8|RECA_METPP
neg_0258,Negative,0,225,sp|A2SGY5|LEXA_METPP
neg_0259,Negative,0,382,sp|A3CR02|RECA_STRSV
neg_0260,Negative,0,206,sp|A3CYX7|LEXA_SHEB5
neg_0261,Negative,0,355,sp|A3D785|RECA_SHEB5
neg_0262,Negative,0,213,sp|A3DDH9|LEXA_ACET2
neg_0264,Negative,0,210,sp|A3N1B4|LEXA_ACTP2
neg_0267,Negative,0,365,sp|A3PF51|RECA_PROM0
neg_0268,Negative,0,227,sp|A3PHK4|LEXA_CERS1
neg_0269,Negative,0,357,sp|A3PLJ2|RECA_CERS1
neg_0271,Negative,0,205,sp|A3Q951|LEXA_SHELP
neg_0272,Negative,0,353,sp|A3QC87|RECA_SHELP
neg_0273,Negative,0,346,sp|A4FAH9|RECA_SACEN
neg_0274,Negative,0,219,sp|A4G713|LEXA_HERAR
neg_0275,Negative,0,367,sp|A4G8B3|RECA_HERAR
neg_0276,Negative,0,207,sp|A4IMK1|LEXA_GEOTN
neg_0277,Negative,0,359,sp|A4J0C1|RECA_FRATW
neg_0278,Negative,0,214,sp|A4J5P4|LEXA_DESRM
neg_0279,Negative,0,215,sp|A4JE56|LEXA_BURVG
neg_0280,Negative,0,253,sp|A4QET8|LEXA_CORGB
neg_0281,Negative,0,376,sp|A4QEW3|RECA_CORGB
neg_0282,Negative,0,207,sp|A4STB3|LEXA_AERS4
neg_0283,Negative,0,350,sp|A4TCL7|RECA_MYCGI
neg_0284,Negative,0,232,sp|A4TCN9|LEXA_MYCGI
neg_0285,Negative,0,202,sp|A4TRU5|LEXA_YERPP
neg_0286,Negative,0,202,sp|A4W5F6|LEXA_ENT38
neg_0287,Negative,0,352,sp|A4WDQ8|RECA_ENT38
neg_0288,Negative,0,357,sp|A4WV48|RECA_CERS5
neg_0289,Negative,0,228,sp|A4WX64|LEXA_CERS5
neg_0290,Negative,0,348,sp|A4X4U1|RECA_SALTO
neg_0291,Negative,0,202,sp|A4XL42|LEXA_CALS8
neg_0292,Negative,0,204,sp|A4XSN5|LEXA_PSEMY
neg_0295,Negative,0,232,sp|A4YVE6|LEXA_BRASO
neg_0296,Negative,0,226,sp|A5CSL0|LEXA_CLAM3
neg_0297,Negative,0,362,sp|A5CSL7|RECA_CLAM3
neg_0298,Negative,0,203,sp|A5D2J8|LEXA_PELTS
neg_0299,Negative,0,232,sp|A5EK34|LEXA_BRASB
neg_0300,Negative,0,350,sp|A5EW90|RECA_DICNV
neg_0301,Negative,0,209,sp|A5F4F6|LEXA_VIBC3
neg_0302,Negative,0,354,sp|A5F9B5|RECA_VIBC3
neg_0303,Negative,0,343,sp|A5FXB8|RECA_ACICJ
neg_0304,Negative,0,231,sp|A5G2J1|LEXA_ACICJ
neg_0305,Negative,0,201,sp|A5GAQ4|LEXA_GEOUR
neg_0306,Negative,0,382,sp|A5GIV0|RECA_SYNPW
neg_0307,Negative,0,201,sp|A5I2R7|LEXA_CLOBH
neg_0308,Negative,0,356,sp|A5IL83|RECA_THEP1
neg_0309,Negative,0,197,sp|A5IN94|LEXA_THEP1
neg_0310,Negative,0,347,sp|A5ISG9|RECA_STAA9
neg_0311,Negative,0,202,sp|A5N8J0|LEXA_CLOK5
neg_0313,Negative,0,207,sp|A5UDX6|LEXA_HAEIE
neg_0315,Negative,0,218,sp|A5UQF5|LEXA_ROSS1
neg_0316,Negative,0,353,sp|A5UXX8|RECA_ROSS1
neg_0317,Negative,0,224,sp|A5VB97|LEXA_RHIWR
neg_0318,Negative,0,362,sp|A5VIW7|RECA_LIMRD
neg_0319,Negative,0,208,sp|A5VJB8|LEXA_LIMRD
neg_0320,Negative,0,240,sp|A5VQR8|LEXA_BRUO2
neg_0321,Negative,0,349,sp|A6LM62|RECA_THEM4
neg_0322,Negative,0,199,sp|A6LM87|LEXA_THEM4
neg_0323,Negative,0,344,sp|A6Q5K5|RECA_NITSB
neg_0324,Negative,0,347,sp|A6Q6D3|RECA_SULNB
neg_0326,Negative,0,207,sp|A6QGP1|LEXA_STAAE
neg_0327,Negative,0,120,sp|A6QIR4|MAZF_STAAE
neg_0328,Negative,0,219,sp|A6SXJ3|LEXA_JANMA
neg_0329,Negative,0,367,sp|A6T204|RECA_JANMA
neg_0330,Negative,0,352,sp|A6TCW1|RECA_KLEP7
neg_0331,Negative,0,202,sp|A6TGV2|LEXA_KLEP7
neg_0332,Negative,0,206,sp|A6TR70|LEXA_ALKMQ
neg_0334,Negative,0,238,sp|A6U971|LEXA_SINMW
neg_0335,Negative,0,361,sp|A6U9N5|RECA_SINMW
neg_0336,Negative,0,346,sp|A6V1H2|RECA_PSEA7
neg_0337,Negative,0,204,sp|A6V389|LEXA_PSEA7
neg_0338,Negative,0,210,sp|A6VMQ0|LEXA_ACTSZ
neg_0339,Negative,0,207,sp|A6VX60|LEXA_MARMS
neg_0340,Negative,0,348,sp|A6W841|RECA_KINRD
neg_0342,Negative,0,361,sp|A6X0E8|RECA_BRUA4
neg_0343,Negative,0,239,sp|A6X0K7|LEXA_BRUA4
neg_0344,Negative,0,356,sp|A7FLR9|RECA_YERP3
neg_0347,Negative,0,201,sp|A7GE39|LEXA_CLOBL
neg_0348,Negative,0,206,sp|A7GR32|LEXA_BACCN
neg_0349,Negative,0,343,sp|A7GRA9|RECA_BACCN
neg_0350,Negative,0,231,sp|A7HC61|LEXA_ANADF
neg_0351,Negative,0,365,sp|A7HWA4|RECA_PARL1
neg_0352,Negative,0,237,sp|A7HY01|LEXA_PARL1
neg_0353,Negative,0,348,sp|A7I456|RECA_CAMHC
neg_0354,Negative,0,237,sp|A7INJ8|LEXA_XANP2
neg_0355,Negative,0,354,sp|A7MJ38|RECA_CROS8
neg_0356,Negative,0,202,sp|A7MPP3|LEXA_CROS8
neg_0357,Negative,0,206,sp|A7N0W6|LEXA_VIBC1
neg_0359,Negative,0,353,sp|A7NN87|RECA_ROSCS
neg_0361,Negative,0,207,sp|A7X1Z4|LEXA_STAA1
neg_0362,Negative,0,347,sp|A7Z4W5|RECA_BACVZ
neg_0363,Negative,0,206,sp|A7Z552|LEXA_BACVZ
neg_0368,Negative,0,202,sp|A8AN85|LEXA_CITK8
neg_0369,Negative,0,354,sp|A8ANQ3|RECA_CITK8
neg_0370,Negative,0,349,sp|A8EWY1|RECA_ALIB4
neg_0371,Negative,0,343,sp|A8EZW1|RECA_RICCK
neg_0372,Negative,0,200,sp|A8F429|LEXA_PSELT
neg_0373,Negative,0,346,sp|A8FDG3|RECA_BACP2
neg_0374,Negative,0,206,sp|A8FDP7|LEXA_BACP2
neg_0375,Negative,0,206,sp|A8FPP0|LEXA_SHESH
neg_0376,Negative,0,353,sp|A8FST8|RECA_SHESH
neg_0377,Negative,0,365,sp|A8G766|RECA_PROM2
neg_0378,Negative,0,353,sp|A8GA07|RECA_SERP5
neg_0379,Negative,0,202,sp|A8GKB4|LEXA_SERP5
neg_0380,Negative,0,355,sp|A8H1T5|RECA_SHEPA
neg_0381,Negative,0,206,sp|A8H9S0|LEXA_SHEPA
neg_0382,Negative,0,236,sp|A8I825|LEXA_AZOC5
neg_0383,Negative,0,250,sp|A8L6K4|LEXA_PARS2
neg_0384,Negative,0,231,sp|A8LMK0|LEXA_DINSH
neg_0385,Negative,0,348,sp|A8M7V5|RECA_SALAI
neg_0386,Negative,0,206,sp|A8MFC9|LEXA_ALKOO
neg_0387,Negative,0,244,sp|A8XP91|RFS1_CAEBR
neg_0388,Negative,0,208,sp|A8YVS7|LEXA_LACH4
neg_0390,Negative,0,348,sp|A9AFT0|RECA_BURM1
neg_0391,Negative,0,215,sp|A9AIX7|LEXA_BURM1
neg_0392,Negative,0,358,sp|A9AXA6|RECA_HERA2
neg_0393,Negative,0,214,sp|A9B5H8|LEXA_HERA2
neg_0394,Negative,0,367,sp|A9BCQ0|RECA_PROM4
neg_0395,Negative,0,368,sp|A9BEV2|RECA_PETMO
neg_0396,Negative,0,205,sp|A9BGA3|LEXA_PETMO
neg_0397,Negative,0,367,sp|A9BQB0|RECA_DELAS
neg_0398,Negative,0,224,sp|A9BWH9|LEXA_DELAS
neg_0399,Negative,0,230,sp|A9F881|LEXA_SORC5
neg_0400,Negative,0,253,sp|A9HJ64|LEXA_GLUDA
neg_0401,Negative,0,224,sp|A9IR25|LEXA_BORPD
neg_0402,Negative,0,347,sp|A9IVY9|RECA_BART1
neg_0404,Negative,0,355,sp|A9KYG0|RECA_SHEB9
neg_0407,Negative,0,202,sp|A9MGP6|LEXA_SALAR
neg_0410,Negative,0,331,sp|A9NGM3|RECA_ACHLI
neg_0412,Negative,0,204,sp|A9VPX5|LEXA_BACMK
neg_0413,Negative,0,343,sp|A9VS23|RECA_BACMK
neg_0414,Negative,0,352,sp|B0B8M5|RECA_CHLT2
neg_0417,Negative,0,361,sp|B0CH00|RECA_BRUSI
neg_0418,Negative,0,355,sp|B0KT20|RECA_PSEPG
neg_0419,Negative,0,226,sp|B0RHB3|LEXA_CLASE
neg_0420,Negative,0,208,sp|B0S1C5|LEXA_FINM2
neg_0421,Negative,0,387,sp|B0SCX2|RECA_LEPBA
neg_0422,Negative,0,202,sp|B0SFV4|LEXA_LEPBA
neg_0425,Negative,0,235,sp|B0SYZ8|LEXA_CAUSK
neg_0426,Negative,0,356,sp|B0SZN2|RECA_CAUSK
neg_0427,Negative,0,346,sp|B0TII6|RECA_HELMI
neg_0428,Negative,0,355,sp|B0TK14|RECA_SHEHH
neg_0429,Negative,0,206,sp|B0TNT3|LEXA_SHEHH
neg_0430,Negative,0,360,sp|B0TW17|RECA_FRAP2
neg_0431,Negative,0,211,sp|B0U1K7|LEXA_XYLFM
neg_0432,Negative,0,347,sp|B0U1K8|RECA_XYLFM
neg_0433,Negative,0,239,sp|B0UGH4|LEXA_METS4
neg_0434,Negative,0,363,sp|B0UGP0|RECA_METS4
neg_0435,Negative,0,210,sp|B0USF0|LEXA_HISS2
neg_0436,Negative,0,355,sp|B0UWL1|RECA_HISS2
neg_0437,Negative,0,205,sp|B1HRJ5|LEXA_LYSSC
neg_0442,Negative,0,355,sp|B1JDA2|RECA_PSEPW
neg_0445,Negative,0,205,sp|B1KM68|LEXA_SHEWM
neg_0446,Negative,0,353,sp|B1KPS6|RECA_SHEWM
neg_0448,Negative,0,197,sp|B1L838|LEXA_THESQ
neg_0451,Negative,0,242,sp|B1LUJ7|LEXA_METRJ
neg_0452,Negative,0,363,sp|B1LWT6|RECA_METRJ
neg_0453,Negative,0,224,sp|B1MCZ5|LEXA_MYCA9
neg_0454,Negative,0,211,sp|B1MZ70|LEXA_LEUCK
neg_0455,Negative,0,371,sp|B1VDD6|RECA_CORU7
neg_0456,Negative,0,349,sp|B1WW59|RECA_CROS5
neg_0458,Negative,0,231,sp|B1Y250|LEXA_LEPCP
neg_0459,Negative,0,204,sp|B1YE71|LEXA_EXIS2
neg_0460,Negative,0,347,sp|B1YMB9|RECA_EXIS2
neg_0461,Negative,0,215,sp|B1YPM6|LEXA_BURA4
neg_0462,Negative,0,354,sp|B2AHB8|RECA_CUPTR
neg_0463,Negative,0,345,sp|B2FL31|RECA_STRMK
neg_0466,Negative,0,353,sp|B2GB15|RECA_LIMF3
neg_0467,Negative,0,208,sp|B2GBL2|LEXA_LIMF3
neg_0468,Negative,0,346,sp|B2HL06|RECA_MYCMM
neg_0469,Negative,0,244,sp|B2HLX8|LEXA_MYCMM
neg_0470,Negative,0,211,sp|B2I679|LEXA_XYLF2
neg_0471,Negative,0,347,sp|B2I680|RECA_XYLF2
neg_0472,Negative,0,237,sp|B2IKM0|LEXA_BEII9
neg_0473,Negative,0,388,sp|B2IM28|RECA_STRPS
neg_0474,Negative,0,359,sp|B2IWJ2|RECA_NOSP7
neg_0475,Negative,0,216,sp|B2JK89|LEXA_PARP8
neg_0477,Negative,0,340,sp|B2RJN1|RECA_PORG3
neg_0478,Negative,0,407,sp|B2S3T1|RECA_TREPS
neg_0482,Negative,0,344,sp|B2SUC8|RECA_XANOP
neg_0483,Negative,0,216,sp|B2T3L9|LEXA_PARPJ
neg_0486,Negative,0,216,sp|B2UAG1|LEXA_RALPJ
neg_0487,Negative,0,355,sp|B2VHD6|RECA_ERWT9
neg_0488,Negative,0,202,sp|B2VKA1|LEXA_ERWT9
neg_0489,Negative,0,355,sp|B3CMC0|RECA_WOLPP
neg_0490,Negative,0,241,sp|B3DQB4|LEXA_BIFLD
neg_0491,Negative,0,350,sp|B3EGP4|RECA_CHLL2
neg_0492,Negative,0,210,sp|B3GXZ4|LEXA_ACTP7
neg_0493,Negative,0,200,sp|B3PEX1|LEXA_CELJU
neg_0494,Negative,0,239,sp|B3PYQ7|LEXA_RHIE6
neg_0495,Negative,0,236,sp|B3Q6P2|LEXA_RHOPT
neg_0496,Negative,0,347,sp|B3QQT8|RECA_CHLP8
neg_0497,Negative,0,357,sp|B3QSD5|RECA_CHLT3
neg_0498,Negative,0,339,sp|B3R0F8|RECA_PHYMT
neg_0499,Negative,0,217,sp|B3R2P9|LEXA_CUPTR
neg_0500,Negative,0,208,sp|B3WC17|LEXA_LACCB
neg_0501,Negative,0,215,sp|B4E8S4|LEXA_BURCJ
neg_0502,Negative,0,355,sp|B4EUV6|RECA_PROMH
neg_0503,Negative,0,203,sp|B4EYR3|LEXA_PROMH
neg_0504,Negative,0,229,sp|B4RBX6|LEXA_PHEZH
neg_0505,Negative,0,348,sp|B4RLX8|RECA_NEIG2
neg_0506,Negative,0,348,sp|B4RVU1|RECA_ALTMD
neg_0507,Negative,0,208,sp|B4S1W7|LEXA_ALTMD
neg_0508,Negative,0,211,sp|B4SRA9|LEXA_STRM5
neg_0509,Negative,0,345,sp|B4SRB0|RECA_STRM5
neg_0513,Negative,0,378,sp|B4U0I8|RECA_STREM
neg_0514,Negative,0,230,sp|B4UCX8|LEXA_ANASK
neg_0517,Negative,0,201,sp|B5EA68|LEXA_CITBB
neg_0518,Negative,0,338,sp|B5ED05|RECA_CITBB
neg_0519,Negative,0,205,sp|B5EJ91|LEXA_ACIF5
neg_0520,Negative,0,345,sp|B5EQ47|RECA_ACIF5
neg_0522,Negative,0,348,sp|B5FAD0|RECA_ALIFM
neg_0523,Negative,0,208,sp|B5FCB2|LEXA_ALIFM
neg_0527,Negative,0,363,sp|B5RLK6|RECA_BORDL
neg_0528,Negative,0,352,sp|B5XVB6|RECA_KLEP3
neg_0529,Negative,0,202,sp|B5XXY9|LEXA_KLEP3
neg_0532,Negative,0,333,sp|B5ZAR3|RECA_UREU1
neg_0533,Negative,0,239,sp|B5ZN98|LEXA_RHILW
neg_0534,Negative,0,362,sp|B5ZRG2|RECA_RHILW
neg_0535,Negative,0,347,sp|B6ENH8|RECA_ALISL
neg_0536,Negative,0,207,sp|B6ENU0|LEXA_ALISL
neg_0539,Negative,0,358,sp|B6IS93|RECA_RHOCS
neg_0540,Negative,0,237,sp|B6IST2|LEXA_RHOCS
neg_0541,Negative,0,232,sp|B6JG34|LEXA_AFIC5
neg_0542,Negative,0,241,sp|B7GQ64|LEXA_BIFLS
neg_0543,Negative,0,198,sp|B7IDD1|LEXA_THEAB
neg_0544,Negative,0,365,sp|B7J164|RECA_BORBZ
neg_0548,Negative,0,349,sp|B7JZS9|RECA_RIPO1
neg_0549,Negative,0,356,sp|B7KLB5|RECA_GLOC7
neg_0552,Negative,0,202,sp|B7LL15|LEXA_ESCF3
neg_0562,Negative,0,306,sp|B7NGZ6|RPND_ECOLU
neg_0565,Negative,0,218,sp|B7UP20|DART_ECO27
neg_0567,Negative,0,204,sp|B7UYS3|LEXA_PSEA8
neg_0568,Negative,0,206,sp|B7VM94|LEXA_VIBA3
neg_0569,Negative,0,355,sp|B8CJQ6|RECA_SHEPW
neg_0570,Negative,0,206,sp|B8CUX0|LEXA_SHEPW
neg_0571,Negative,0,348,sp|B8DFS9|RECA_LISMH
neg_0572,Negative,0,204,sp|B8DG25|LEXA_LISMH
neg_0573,Negative,0,357,sp|B8DP00|RECA_NITV9
neg_0575,Negative,0,236,sp|B8EK86|LEXA_METSB
neg_0576,Negative,0,209,sp|B8F317|LEXA_GLAP5
neg_0577,Negative,0,203,sp|B8FIX5|LEXA_DESAL
neg_0578,Negative,0,204,sp|B8FWD3|LEXA_DESHD
neg_0579,Negative,0,351,sp|B8GAQ9|RECA_CHLAD
neg_0580,Negative,0,343,sp|B8GQV3|RECA_THISH
neg_0581,Negative,0,356,sp|B8H3I7|RECA_CAUVN
neg_0582,Negative,0,1083,sp|B8H427|DNAE2_CAUVN
neg_0583,Negative,0,352,sp|B8HG89|RECA_PSECP
neg_0584,Negative,0,249,sp|B8HG97|LEXA_PSECP
neg_0585,Negative,0,357,sp|B8HR52|RECA_CYAP4
neg_0586,Negative,0,215,sp|B8I2Q1|LEXA_RUMCH
neg_0587,Negative,0,240,sp|B8IN87|LEXA_METNO
neg_0588,Negative,0,363,sp|B8IP29|RECA_METNO
neg_0589,Negative,0,228,sp|B8JA57|LEXA_ANAD2
neg_0591,Negative,0,235,sp|B8ZQU5|LEXA_MYCLB
neg_0592,Negative,0,207,sp|B9DP69|LEXA_STACT
neg_0593,Negative,0,355,sp|B9DPC5|RECA_STACT
neg_0594,Negative,0,379,sp|B9DW65|RECA_STRU0
neg_0596,Negative,0,353,sp|B9EBH1|RECA_MACCJ
neg_0598,Negative,0,240,sp|B9JEY4|LEXA_RHIR8
neg_0599,Negative,0,361,sp|B9JFS7|RECA_RHIR8
neg_0600,Negative,0,362,sp|B9JX56|RECA_ALLAM
neg_0601,Negative,0,239,sp|B9JX59|LEXA_ALLAM
neg_0602,Negative,0,351,sp|B9K7N7|RECA_THENN
neg_0603,Negative,0,207,sp|B9K9N0|LEXA_THENN
neg_0604,Negative,0,344,sp|B9KEN1|RECA_CAMLR
neg_0605,Negative,0,359,sp|B9KHJ1|RECA_ANAMF
neg_0606,Negative,0,350,sp|B9L7U2|RECA_NAUPA
neg_0608,Negative,0,378,sp|C0MAR6|RECA_STRE4
neg_0610,Negative,0,347,sp|C0QI90|RECA_DESAH
neg_0611,Negative,0,355,sp|C0R4E1|RECA_WOLWR
neg_0614,Negative,0,207,sp|C0ZES6|LEXA_BREBN
neg_0615,Negative,0,352,sp|C0ZF14|RECA_BREBN
neg_0616,Negative,0,345,sp|C0ZYM6|RECA_RHOE4
neg_0618,Negative,0,348,sp|C1B381|RECA_RHOOB
neg_0623,Negative,0,201,sp|C1D1R8|DDRA_DEIDV
neg_0624,Negative,0,354,sp|C1D4J2|RECA_LARHH
neg_0625,Negative,0,202,sp|C1DQZ4|LEXA_AZOVD
neg_0626,Negative,0,349,sp|C1DSQ4|RECA_AZOVD
neg_0630,Negative,0,352,sp|C3KDG0|RECA_PSEFS
neg_0633,Negative,0,361,sp|C3MD93|RECA_SINFN
neg_0634,Negative,0,377,sp|C3PGY9|RECA_CORA7
neg_0635,Negative,0,354,sp|C4K841|RECA_HAMD5
neg_0636,Negative,0,206,sp|C4L2T2|LEXA_EXISA
neg_0637,Negative,0,349,sp|C4L2V3|RECA_EXISA
neg_0638,Negative,0,206,sp|C4L7X7|LEXA_TOLAT
neg_0639,Negative,0,360,sp|C4LBQ0|RECA_TOLAT
neg_0640,Negative,0,355,sp|C4XQT5|RECA_SOLM1
neg_0643,Negative,0,202,sp|C5B718|LEXA_EDWI9
neg_0644,Negative,0,353,sp|C5BGH6|RECA_EDWI9
neg_0645,Negative,0,200,sp|C5BIH2|LEXA_TERTT
neg_0646,Negative,0,342,sp|C5BMR1|RECA_TERTT
neg_0647,Negative,0,227,sp|C5CKV7|LEXA_VARPS
neg_0648,Negative,0,207,sp|C5D9K3|LEXA_GEOSW
neg_0649,Negative,0,357,sp|C6DCR1|RECA_PECCP
neg_0650,Negative,0,202,sp|C6DKD2|LEXA_PECCP
neg_0651,Negative,0,201,sp|C6DZY8|LEXA_GEOSM
neg_0652,Negative,0,338,sp|C6E6X6|RECA_GEOSM
neg_0653,Negative,0,348,sp|E6MXY4|RECA_NEIMH
neg_0654,Negative,0,347,sp|F4KDD7|KLP_ARATH
neg_0655,Negative,0,348,sp|F7YQ08|RECA_VIBA7
neg_0656,Negative,0,348,sp|G2JZ14|RECA_LISM4
neg_0657,Negative,0,165,sp|I6YA32|CHIZ_MYCTU
neg_0658,Negative,0,314,sp|O07521|YHAM_BACSU
neg_0659,Negative,0,948,sp|O13764|PEX6_SCHPO
neg_0660,Negative,0,268,sp|O22798|NAC41_ARATH
neg_0662,Negative,0,207,sp|O30885|ENO_CAMFE
neg_0663,Negative,0,210,sp|O32506|LEXA_DEIRA
neg_0664,Negative,0,197,sp|O33927|LEXA_THEMA
neg_0665,Negative,0,374,sp|O50487|RECA_STRCO
neg_0666,Negative,0,346,sp|O52393|RECA_CHLTE
neg_0667,Negative,0,351,sp|O52394|RECA_CHLAA
neg_0668,Negative,0,444,sp|O66827|RADA_AQUAE
neg_0669,Negative,0,178,sp|O67322|NTPTH_AQUAE
neg_0670,Negative,0,345,sp|O67905|RECA_AQUAE
neg_0671,Negative,0,234,sp|O69979|LEXA_STRCO
neg_0672,Negative,0,349,sp|O74036|RADA_PYRFU
neg_0674,Negative,0,455,sp|O83985|RADA_TREPA
neg_0675,Negative,0,454,sp|O84300|RADA_CHLTR
neg_0676,Negative,0,232,sp|O86385|OTC_NEIFV
neg_0677,Negative,0,232,sp|O86408|OTC_NEIPH
neg_0678,Negative,0,232,sp|O86412|OTC_NEISI
neg_0679,Negative,0,232,sp|O86415|OTC_NEISU
neg_0680,Negative,0,239,sp|O86847|LEXA_STRCL
neg_0681,Negative,0,197,sp|O86948|LEXA_THENE
neg_0682,Negative,0,391,sp|P04529|UVSX_BPT4
neg_0684,Negative,0,344,sp|P0A0W4|RECA_XANAC
neg_0686,Negative,0,202,sp|P0A153|LEXA1_PSEPK
neg_0690,Negative,0,353,sp|P0A448|RECA_BORPE
neg_0695,Negative,0,165,sp|P0A6G3|PNCC_ECOLI
neg_0702,Negative,0,142,sp|P0AAB8|USPD_ECOLI
neg_0703,Negative,0,378,sp|P0C095|RECA_STRP1
neg_0704,Negative,0,378,sp|P0C096|RECA_STRPZ
neg_0705,Negative,0,387,sp|P0C2U4|RECA_LACLA
neg_0706,Negative,0,387,sp|P0C2U5|RECA_LACLC
neg_0707,Negative,0,387,sp|P0C7T0|RECA_LEPME
neg_0708,Negative,0,352,sp|P0CD80|RECA_CHLTR
neg_0709,Negative,0,319,sp|P0CW91|RADA_AERPX
neg_0710,Negative,0,348,sp|P0CZ03|RECA_CUTAK
neg_0711,Negative,0,453,sp|P0DD78|RADA_STRP3
neg_0713,Negative,0,378,sp|P0DD82|RECA_STRP3
neg_0714,Negative,0,331,sp|P0DH57|OTC_NEIMB
neg_0715,Negative,0,348,sp|P0DH59|RECA_NEIMB
neg_0718,Negative,0,202,sp|P0DOW5|LEXA_VERSI
neg_0719,Negative,0,103,sp|P0DP21|YJIP_ECOLI
neg_0721,Negative,0,358,sp|P14167|RECA_TRIV2
neg_0722,Negative,0,348,sp|P14582|RECA_PICP2
neg_0723,Negative,0,346,sp|P16238|RECA_ACIFI
neg_0724,Negative,0,354,sp|P17479|RECA_SERMA
neg_0725,Negative,0,344,sp|P18076|RECA_METFL
neg_0727,Negative,0,331,sp|P21302|OTC_NEIGO
neg_0728,Negative,0,318,sp|P22841|RECA_BACFR
neg_0729,Negative,0,351,sp|P24074|RECA_RHILV
neg_0730,Negative,0,201,sp|P24075|SYA_RHILV
neg_0731,Negative,0,460,sp|P24517|RADA_SALTY
neg_0732,Negative,0,342,sp|P24542|RECA_METME
neg_0733,Negative,0,361,sp|P24543|RECA_RHIET
neg_0734,Negative,0,356,sp|P25953|COMGA_BACSU
neg_0735,Negative,0,348,sp|P26348|RECA_VIBAN
neg_0736,Negative,0,383,sp|P27624|RECA_STRMU
neg_0737,Negative,0,348,sp|P27865|RECA_RHIME
neg_0738,Negative,0,887,sp|P27866|SYA_RHIME
neg_0739,Negative,0,331,sp|P29225|RECA_ACHLA
neg_0740,Negative,0,339,sp|P29226|RECA_MYCPU
neg_0741,Negative,0,349,sp|P29246|RECA_AZOVI
neg_0742,Negative,0,300,sp|P31665|RPNC_ECOLI
neg_0743,Negative,0,343,sp|P32725|RECA_CERS4
neg_0744,Negative,0,354,sp|P33037|RECA_ENTAG
neg_0745,Negative,0,363,sp|P33156|RECA_AGRFC
neg_0746,Negative,0,348,sp|P33542|RECA_AQUPY
neg_0747,Negative,0,166,sp|P33596|RECX_ECOLI
neg_0748,Negative,0,354,sp|P34716|RECA_ACIFA
neg_0749,Negative,0,711,sp|P35901|RECA_MYCLE
neg_0750,Negative,0,356,sp|P36203|RECA_THEMA
neg_0751,Negative,0,1024,sp|P36966|PEX6_YARLI
neg_0752,Negative,0,349,sp|P37384|DMC1_LILLO
neg_0754,Negative,0,356,sp|P37858|RECA_YERPE
neg_0755,Negative,0,372,sp|P41054|RECA_STRAM
neg_0756,Negative,0,142,sp|P41055|RECA_STRCT
neg_0757,Negative,0,340,sp|P41079|RECA_RICPR
neg_0758,Negative,0,390,sp|P41662|AC109_NPVAC
neg_0759,Negative,0,255,sp|P42095|RECO_BACSU
neg_0760,Negative,0,349,sp|P42438|RECA_ACIAD
neg_0761,Negative,0,361,sp|P42441|RECA_CLOB8
neg_0763,Negative,0,348,sp|P42444|RECA_ENTFA
neg_0764,Negative,0,355,sp|P42447|RECA_RHOCA
neg_0765,Negative,0,354,sp|P43705|RECA_HAEIN
neg_0766,Negative,0,207,sp|P44858|LEXA_HAEIN
neg_0767,Negative,0,640,sp|P45158|RECD_HAEIN
neg_0768,Negative,0,458,sp|P45266|RADA_HAEIN
neg_0769,Negative,0,354,sp|P45383|RECA_VIBCH
neg_0770,Negative,0,142,sp|P46888|USPC_ECOLI
neg_0771,Negative,0,340,sp|P47581|RECA_MYCGE
neg_0772,Negative,0,426,sp|P48285|ENO_HELPY
neg_0773,Negative,0,369,sp|P48288|RECA_CORP2
neg_0774,Negative,0,345,sp|P48289|RECA_GLUOX
neg_0775,Negative,0,342,sp|P48291|RECA1_MYXXA
neg_0776,Negative,0,358,sp|P48292|RECA2_MYXXA
neg_0777,Negative,0,365,sp|P48293|RECA_ARTPT
neg_0778,Negative,0,374,sp|P48294|RECA_STRLI
neg_0779,Negative,0,378,sp|P48295|RECA_STRVP
neg_0780,Negative,0,340,sp|P48296|RECA_THEAQ
neg_0781,Negative,0,398,sp|P49985|RECA_RUMA7
neg_0782,Negative,0,383,sp|P49986|RECA_STRGC
neg_0783,Negative,0,324,sp|P50265|DLH1_CANAX
neg_0784,Negative,0,329,sp|P50621|RIR2_BACSU
neg_0785,Negative,0,241,sp|P50941|FABG_RICPR
neg_0786,Negative,0,366,sp|P52277|RECA_LEPIN
neg_0787,Negative,0,448,sp|P56148|RADA_HELPY
neg_0788,Negative,0,348,sp|P56987|RECA_NEIMA
neg_0789,Negative,0,602,sp|P57530|RECD_BUCAI
neg_0790,Negative,0,211,sp|P57917|LEXA_PASMU
neg_0791,Negative,0,349,sp|P58254|RECA_CLOAB
neg_0792,Negative,0,357,sp|P58552|RECA_NOSS1
neg_0794,Negative,0,340,sp|P61500|RECA_THET2
neg_0795,Negative,0,239,sp|P61605|LEXA_RHIRD
neg_0797,Negative,0,237,sp|P61607|LEXA_CORDI
neg_0798,Negative,0,201,sp|P61608|LEXA1_GEOSL
neg_0799,Negative,0,203,sp|P61609|LEXA2_GEOSL
neg_0800,Negative,0,207,sp|P61610|LEXA_LACJO
neg_0801,Negative,0,203,sp|P61611|LEXA_LEPIC
neg_0802,Negative,0,232,sp|P61612|LEXA_MYCPA
neg_0803,Negative,0,238,sp|P61613|LEXA_RHOCA
neg_0805,Negative,0,359,sp|P62209|RECA_AZOL4
neg_0806,Negative,0,348,sp|P62211|RECA_BACLI
neg_0807,Negative,0,377,sp|P62212|RECA_BDEBA
neg_0808,Negative,0,372,sp|P62213|RECA_CORDI
neg_0809,Negative,0,357,sp|P62214|RECA_NITV2
neg_0810,Negative,0,338,sp|P62215|RECA_GEOSL
neg_0811,Negative,0,360,sp|P62216|RECA_LACJO
neg_0813,Negative,0,345,sp|P62218|RECA_MYCMS
neg_0815,Negative,0,355,sp|P62220|RECA_SODGL
neg_0816,Negative,0,414,sp|P62221|RECA_TREDE
neg_0817,Negative,0,355,sp|P62222|RECA_WOLPM
neg_0820,Negative,0,480,sp|P65954|RADA_MYCBO
neg_0824,Negative,0,379,sp|P65979|RECA_STRA3
neg_0826,Negative,0,437,sp|P65981|RECA_TROWT
neg_0832,Negative,0,970,sp|P73412|UVRA_SYNY3
neg_0833,Negative,0,211,sp|P73554|RUVA_SYNY3
neg_0834,Negative,0,626,sp|P73580|UVRC_SYNY3
neg_0835,Negative,0,505,sp|P74391|RADA_SYNY3
neg_0836,Negative,0,354,sp|P74737|RECA_SYNY3
neg_0837,Negative,0,296,sp|P77768|RPNB_ECOLI
neg_0839,Negative,0,336,sp|P78014|RECA_MYCPN
neg_0840,Negative,0,225,sp|P81415|RADB_PYRFU
neg_0841,Negative,0,353,sp|P94190|RECA_AERS4
neg_0842,Negative,0,352,sp|P94666|RECA_CLOPE
neg_0843,Negative,0,356,sp|P95469|RECA_PARDE
neg_0844,Negative,0,354,sp|P95526|RECA_PASMU
neg_0845,Negative,0,376,sp|P95846|RECA_STRRM
neg_0846,Negative,0,248,sp|P96715|YWQC_BACSU
neg_0847,Negative,0,453,sp|P96963|RADA_PSEAE
neg_0851,Negative,0,1097,sp|P9WIQ5|RECC_MYCTU
neg_0852,Negative,0,262,sp|Q01323|OTC_NEIFL
neg_0853,Negative,0,262,sp|Q01325|OTC_NEIME
neg_0854,Negative,0,262,sp|Q01327|OTC_NEIPO
neg_0855,Negative,0,352,sp|Q01953|RECA_PSEFL
neg_0860,Negative,0,209,sp|Q03FU3|LEXA_PEDPA
neg_0861,Negative,0,377,sp|Q03R29|RECA_LEVBA
neg_0862,Negative,0,212,sp|Q03WX0|LEXA_LEUMM
neg_0863,Negative,0,207,sp|Q044D8|LEXA_LACGA
neg_0864,Negative,0,202,sp|Q04596|LEXA_PECCC
neg_0865,Negative,0,206,sp|Q049T1|LEXA_LACDB
neg_0866,Negative,0,369,sp|Q04BJ8|RECA_LACDB
neg_0867,Negative,0,376,sp|Q04E78|RECA_OENOB
neg_0868,Negative,0,212,sp|Q04F93|LEXA_OENOB
neg_0870,Negative,0,203,sp|Q04RH1|LEXA_LEPBJ
neg_0871,Negative,0,348,sp|Q05358|RECA_LEGPN
neg_0873,Negative,0,205,sp|Q07267|LEXA_PRORE
neg_0874,Negative,0,355,sp|Q07447|RECA_PSEPU
neg_0875,Negative,0,237,sp|Q07NH5|LEXA_RHOP5
neg_0876,Negative,0,354,sp|Q086A0|RECA_SHEFN
neg_0877,Negative,0,204,sp|Q089E2|LEXA_SHEFN
neg_0878,Negative,0,347,sp|Q0A8K5|RECA_ALKEH
neg_0879,Negative,0,208,sp|Q0A9N9|LEXA_ALKEH
neg_0880,Negative,0,343,sp|Q0AHX4|RECA_NITEC
neg_0881,Negative,0,232,sp|Q0APU7|LEXA_MARMM
neg_0882,Negative,0,204,sp|Q0AY82|LEXA_SYNWW
neg_0883,Negative,0,215,sp|Q0BFL9|LEXA_BURCM
neg_0885,Negative,0,242,sp|Q0BTY8|LEXA_GRABC
neg_0886,Negative,0,227,sp|Q0C1A3|LEXA_HYPNA
neg_0887,Negative,0,206,sp|Q0HDL5|LEXA_SHESM
neg_0888,Negative,0,357,sp|Q0HL62|RECA_SHESM
neg_0889,Negative,0,206,sp|Q0HPW6|LEXA_SHESR
neg_0892,Negative,0,382,sp|Q0ID00|RECA_SYNS3
neg_0893,Negative,0,217,sp|Q0K9E3|LEXA_CUPNH
neg_0894,Negative,0,354,sp|Q0KE78|RECA_CUPNH
neg_0896,Negative,0,346,sp|Q0RDW5|RECA_FRAAA
neg_0897,Negative,0,253,sp|Q0RDY1|LEXA_FRAAA
neg_0898,Negative,0,347,sp|Q0S1P9|RECA_RHOJR
neg_0899,Negative,0,365,sp|Q0SP32|RECA_BORAP
neg_0900,Negative,0,203,sp|Q0STQ8|LEXA_CLOPS
neg_0906,Negative,0,203,sp|Q0TRD0|LEXA_CLOP1
neg_0907,Negative,0,204,sp|Q0VQU1|LEXA_ALCBS
neg_0908,Negative,0,360,sp|Q111E0|RECA_TRIEI
neg_0909,Negative,0,236,sp|Q11HT8|LEXA_CHESB
neg_0910,Negative,0,360,sp|Q11IW6|RECA_CHESB
neg_0911,Negative,0,355,sp|Q11QM8|RECA_CYTH3
neg_0912,Negative,0,234,sp|Q129C4|LEXA_POLSJ
neg_0913,Negative,0,205,sp|Q12ID6|LEXA_SHEDO
neg_0914,Negative,0,353,sp|Q12PY2|RECA_SHEDO
neg_0915,Negative,0,235,sp|Q136C2|LEXA_RHOPS
neg_0916,Negative,0,216,sp|Q13ZI7|LEXA_PARXL
neg_0918,Negative,0,207,sp|Q15MZ2|LEXA_PSEA6
neg_0919,Negative,0,343,sp|Q15QS3|RECA_PSEA6
neg_0920,Negative,0,233,sp|Q163X5|LEXA_ROSDO
neg_0921,Negative,0,347,sp|Q17YV1|RECA_HELAH
neg_0922,Negative,0,211,sp|Q187P1|LEXA_CLOD6
neg_0923,Negative,0,348,sp|Q18BJ4|RECA_CLOD6
neg_0924,Negative,0,344,sp|Q1AW43|RECA_RUBXD
neg_0931,Negative,0,331,sp|Q1GB51|RECA_LACDA
neg_0932,Negative,0,241,sp|Q1GHJ8|LEXA_RUEST
neg_0933,Negative,0,227,sp|Q1GUX2|LEXA_SPHAL
neg_0934,Negative,0,344,sp|Q1H3U7|RECA_METFK
neg_0935,Negative,0,355,sp|Q1I6B7|RECA_PSEE4
neg_0936,Negative,0,210,sp|Q1IU64|LEXA_KORVE
neg_0937,Negative,0,358,sp|Q1IWF2|RECA_DEIGD
neg_0938,Negative,0,178,sp|Q1J1N6|DDRB_DEIGD
neg_0941,Negative,0,218,sp|Q1LLW6|LEXA_CUPMC
neg_0942,Negative,0,353,sp|Q1LR74|RECA_CUPMC
neg_0943,Negative,0,350,sp|Q1LTQ3|RECA_BAUCH
neg_0944,Negative,0,364,sp|Q1MFZ8|RECA_RHIJ3
neg_0945,Negative,0,239,sp|Q1MH39|LEXA_RHIJ3
neg_0946,Negative,0,352,sp|Q1Q962|RECA_PSYCK
neg_0947,Negative,0,233,sp|Q1QMK3|LEXA_NITHX
neg_0948,Negative,0,362,sp|Q1QMW2|RECA_NITHX
neg_0949,Negative,0,212,sp|Q1QVT7|LEXA_CHRSD
neg_0950,Negative,0,352,sp|Q1QZX3|RECA_CHRSD
neg_0953,Negative,0,448,sp|Q1RJR7|RADA_RICBR
neg_0954,Negative,0,343,sp|Q1RKB6|RECA_RICBR
neg_0955,Negative,0,206,sp|Q1WUI6|LEXA_LIGS1
neg_0956,Negative,0,354,sp|Q1ZXF0|RA51D_DICDI
neg_0957,Negative,0,237,sp|Q215D1|LEXA_RHOPB
neg_0958,Negative,0,201,sp|Q21JT2|LEXA_SACD2
neg_0959,Negative,0,348,sp|Q21L79|RECA_SACD2
neg_0960,Negative,0,224,sp|Q21U48|LEXA_ALBFT
neg_0962,Negative,0,350,sp|Q256J8|RECA_CHLFF
neg_0963,Negative,0,228,sp|Q28R71|LEXA_JANSC
neg_0965,Negative,0,207,sp|Q2FH94|LEXA_STAA3
neg_0967,Negative,0,234,sp|Q2G6Q5|LEXA_NOVAD
neg_0968,Negative,0,357,sp|Q2GF90|RECA_EHRCR
neg_0969,Negative,0,229,sp|Q2IIJ0|LEXA_ANADE
neg_0970,Negative,0,234,sp|Q2IW99|LEXA_RHOP2
neg_0971,Negative,0,345,sp|Q2J764|RECA_FRACC
neg_0972,Negative,0,256,sp|Q2J779|LEXA_FRACC
neg_0973,Negative,0,362,sp|Q2K7T3|RECA_RHIEC
neg_0974,Negative,0,239,sp|Q2K8X2|LEXA_RHIEC
neg_0975,Negative,0,353,sp|Q2KYE8|RECA_BORA1
neg_0976,Negative,0,213,sp|Q2L247|LEXA_BORA1
neg_0977,Negative,0,343,sp|Q2LPL5|RECA_SYNAS
neg_0978,Negative,0,233,sp|Q2NA93|LEXA_ERYLH
neg_0979,Negative,0,202,sp|Q2NR09|LEXA_SODGM
neg_0981,Negative,0,205,sp|Q2RJF5|LEXA_MOOTA
neg_0982,Negative,0,366,sp|Q2RQH9|RECA_RHORT
neg_0983,Negative,0,251,sp|Q2RT47|LEXA_RHORT
neg_0984,Negative,0,345,sp|Q2SBR7|RECA_HAHCH
neg_0985,Negative,0,200,sp|Q2SKC5|LEXA_HAHCH
neg_0986,Negative,0,215,sp|Q2SVP7|LEXA_BURTA
neg_0987,Negative,0,235,sp|Q2W3A5|LEXA_PARM1
neg_0988,Negative,0,359,sp|Q2W9P9|RECA_PARM1
neg_0989,Negative,0,339,sp|Q2YD43|RECA_NITMU
neg_0990,Negative,0,467,sp|Q2YMH5|RADA_BRUA2
neg_0994,Negative,0,345,sp|Q30P05|RECA_SULDN
neg_0995,Negative,0,351,sp|Q30YS6|RECA_OLEA2
neg_0996,Negative,0,207,sp|Q314F2|LEXA_OLEA2
neg_0997,Negative,0,365,sp|Q318I0|RECA_PROM9
neg_0998,Negative,0,347,sp|Q31F89|RECA_HYDCU
